,Distance,1D_1yr,1D_2yr,1D_5yr,1D_10yr,1D_20yr
0,0.0,0.35487,0.35493,0.35497,0.35499,0.355
1,0.8267,0.35449,0.35471,0.35488,0.35496,0.35499
2,1.6534,0.3541,0.35449,0.3548,0.35492,0.35498
3,2.4801,0.35372,0.35427,0.35471,0.35489,0.35498
4,3.3064,0.35333,0.35405,0.35462,0.35486,0.35497
5,4.1334,0.35294,0.35383,0.35453,0.35483,0.35496
6,4.9604,0.35255,0.3536,0.35444,0.35479,0.35495
7,5.7874,0.35214,0.35335,0.35434,0.35475,0.35494
8,6.6134,0.35173,0.3531,0.35423,0.35471,0.35493
9,7.4404,0.35132,0.35286,0.35412,0.35467,0.35492
10,8.2674,0.35091,0.35261,0.35402,0.35463,0.35492
11,9.0944,0.3505,0.35236,0.35391,0.35458,0.35491
12,9.9204,0.35008,0.35211,0.35381,0.35454,0.3549
13,10.7474,0.34967,0.35186,0.3537,0.3545,0.35489
14,11.5744,0.34926,0.35162,0.35359,0.35446,0.35488
15,12.4004,0.34886,0.35138,0.3535,0.35442,0.35487
16,13.2274,0.34846,0.35114,0.3534,0.35439,0.35486
17,14.0544,0.34806,0.35091,0.3533,0.35435,0.35485
18,14.8814,0.34766,0.35067,0.3532,0.35431,0.35484
19,15.7074,0.34726,0.35044,0.3531,0.35427,0.35483
20,16.5344,0.34686,0.3502,0.35301,0.35424,0.35483
21,17.3614,0.34646,0.34996,0.35291,0.3542,0.35482
22,18.1884,0.34606,0.34973,0.35281,0.35416,0.35481
23,19.0144,0.34566,0.34949,0.35271,0.35412,0.3548
24,19.8414,0.34526,0.34925,0.35261,0.35408,0.35479
25,20.6684,0.34486,0.34902,0.35251,0.35405,0.35478
26,21.4954,0.34446,0.34878,0.35242,0.35401,0.35477
27,22.3214,0.34405,0.34853,0.35231,0.35397,0.35476
28,23.1484,0.34364,0.34827,0.35219,0.35392,0.35475
29,23.9754,0.34323,0.34801,0.35208,0.35388,0.35474
30,24.8014,0.34282,0.34775,0.35197,0.35383,0.35473
31,25.6284,0.34241,0.3475,0.35186,0.35379,0.35472
32,26.4554,0.342,0.34724,0.35174,0.35374,0.35471
33,27.2824,0.34157,0.34695,0.35161,0.35369,0.3547
34,28.1084,0.34112,0.34665,0.35146,0.35363,0.35469
35,28.9354,0.34068,0.34634,0.35132,0.35357,0.35467
36,29.7624,0.34023,0.34604,0.35118,0.35351,0.35466
37,30.5894,0.33979,0.34574,0.35103,0.35346,0.35465
38,31.4154,0.33934,0.34544,0.35089,0.3534,0.35463
39,32.2424,0.3389,0.34514,0.35075,0.35334,0.35462
40,33.0694,0.33845,0.34484,0.3506,0.35328,0.3546
41,33.8954,0.33801,0.34454,0.35046,0.35322,0.35459
42,34.7224,0.33756,0.34423,0.35032,0.35317,0.35458
43,35.5494,0.33712,0.34393,0.35018,0.35311,0.35456
44,36.3764,0.33667,0.34363,0.35003,0.35305,0.35455
45,37.2024,0.33623,0.34333,0.34989,0.35299,0.35454
46,38.0294,0.33579,0.34303,0.34975,0.35293,0.35452
47,38.8564,0.33534,0.34273,0.3496,0.35288,0.35451
48,39.6834,0.3349,0.34243,0.34946,0.35282,0.3545
49,40.5094,0.33445,0.34212,0.34932,0.35276,0.35448
50,41.3364,0.33401,0.34182,0.34917,0.3527,0.35447
51,42.1634,0.33356,0.34152,0.34903,0.35264,0.35446
52,42.9894,0.33312,0.34122,0.34889,0.35259,0.35444
53,43.8164,0.33267,0.34092,0.34875,0.35253,0.35443
54,44.6434,0.33223,0.34062,0.3486,0.35247,0.35442
55,45.4704,0.33178,0.34032,0.34846,0.35241,0.3544
56,46.2964,0.33133,0.34003,0.34833,0.35236,0.35439
57,47.1234,0.33088,0.33974,0.34819,0.3523,0.35438
58,47.9504,0.33043,0.33944,0.34805,0.35225,0.35436
59,48.7774,0.32996,0.33912,0.34789,0.35218,0.35435
60,49.6034,0.32948,0.33877,0.34772,0.35211,0.35433
61,50.4304,0.32899,0.33843,0.34754,0.35204,0.35431
62,51.2574,0.32852,0.33808,0.34737,0.35196,0.3543
63,52.0844,0.32806,0.33773,0.34719,0.35189,0.35428
64,52.9104,0.32759,0.33739,0.34701,0.35181,0.35426
65,53.7374,0.32713,0.33704,0.34683,0.35174,0.35424
66,54.5644,0.32667,0.33669,0.34665,0.35166,0.35422
67,55.3904,0.3262,0.33634,0.34647,0.35158,0.35421
68,56.2174,0.32574,0.336,0.34629,0.35151,0.35419
69,57.0444,0.32527,0.33565,0.34611,0.35143,0.35417
70,57.8714,0.3248,0.3353,0.34593,0.35136,0.35415
71,58.6974,0.32434,0.33496,0.34575,0.35128,0.35414
72,59.5244,0.32387,0.33461,0.34557,0.35121,0.35412
73,60.3514,0.32341,0.33427,0.34539,0.35113,0.3541
74,61.1784,0.32295,0.33391,0.34521,0.35106,0.35408
75,62.0044,0.32248,0.33354,0.34501,0.35097,0.35406
76,62.8314,0.32199,0.33316,0.3448,0.35088,0.35404
77,63.6584,0.3215,0.33279,0.34459,0.35079,0.35402
78,64.4844,0.32102,0.33242,0.34439,0.35071,0.354
79,65.3114,0.32054,0.33204,0.34419,0.35062,0.35398
80,66.1384,0.32006,0.33167,0.34399,0.35054,0.35396
81,66.9654,0.31958,0.3313,0.34379,0.35045,0.35394
82,67.7914,0.31911,0.33093,0.34359,0.35037,0.35392
83,68.6184,0.31863,0.33056,0.34339,0.35028,0.3539
84,69.4454,0.31815,0.33019,0.34319,0.3502,0.35388
85,70.2724,0.31767,0.32982,0.34299,0.35011,0.35386
86,71.0984,0.31719,0.32945,0.34279,0.35002,0.35384
87,71.9254,0.31671,0.32908,0.34259,0.34994,0.35382
88,72.7524,0.31623,0.32871,0.34239,0.34985,0.3538
89,73.5784,0.31575,0.32834,0.34219,0.34977,0.35378
90,74.4054,0.31527,0.32797,0.34199,0.34968,0.35376
91,75.2324,0.31479,0.3276,0.34179,0.3496,0.35374
92,76.0594,0.31431,0.32723,0.34159,0.34951,0.35372
93,76.8854,0.31385,0.32686,0.34139,0.34942,0.3537
94,77.7124,0.31345,0.32649,0.34117,0.34933,0.35367
95,78.5394,0.31306,0.32612,0.34096,0.34923,0.35365
96,79.3664,0.31264,0.32575,0.34074,0.34914,0.35363
97,80.1924,0.31213,0.32533,0.3405,0.34903,0.3536
98,81.0194,0.31162,0.32492,0.34027,0.34893,0.35358
99,81.8464,0.3111,0.3245,0.34003,0.34883,0.35355
100,82.6724,0.31059,0.32408,0.33979,0.34873,0.35353
101,83.4994,0.31008,0.32367,0.33956,0.34863,0.3535
102,84.3264,0.30956,0.32325,0.33932,0.34852,0.35348
103,85.1534,0.30905,0.32283,0.33909,0.34842,0.35346
104,85.9794,0.30854,0.32242,0.33885,0.34832,0.35343
105,86.8064,0.30803,0.322,0.33862,0.34822,0.35341
106,87.6334,0.30751,0.32158,0.33838,0.34811,0.35338
107,88.4604,0.30701,0.32117,0.33815,0.34801,0.35336
108,89.2864,0.30651,0.32076,0.33792,0.34791,0.35333
109,90.1134,0.30601,0.32035,0.33769,0.34781,0.35331
110,90.9404,0.30551,0.31993,0.33745,0.34771,0.35329
111,91.7674,0.30502,0.31953,0.33722,0.34761,0.35326
112,92.5894,0.30456,0.31914,0.337,0.34751,0.35324
113,93.4194,0.30415,0.31876,0.33677,0.34741,0.35322
114,94.2494,0.30371,0.31837,0.33653,0.3473,0.35319
115,95.0694,0.30327,0.31796,0.33628,0.34719,0.35316
116,95.8994,0.30282,0.31756,0.33604,0.34708,0.35314
117,96.7294,0.30238,0.31715,0.33579,0.34697,0.35311
118,97.5494,0.30194,0.31676,0.33554,0.34686,0.35308
119,98.3794,0.3015,0.31636,0.3353,0.34675,0.35305
120,99.2094,0.30107,0.31596,0.33505,0.34663,0.35303
121,100.0294,0.30063,0.31555,0.3348,0.34652,0.353
122,100.8594,0.30019,0.31515,0.33455,0.3464,0.35297
123,101.6894,0.29975,0.31474,0.3343,0.34629,0.35294
124,102.5094,0.29931,0.31434,0.33404,0.34618,0.35292
125,103.3394,0.29887,0.31394,0.33379,0.34606,0.35289
126,104.1694,0.29843,0.31353,0.33354,0.34595,0.35286
127,104.9994,0.29799,0.31313,0.33329,0.34584,0.35283
128,105.8194,0.29755,0.31272,0.33304,0.34572,0.35281
129,106.6494,0.29711,0.31232,0.33279,0.34561,0.35278
130,107.4794,0.29667,0.31192,0.33254,0.3455,0.35275
131,108.2994,0.29623,0.31151,0.33229,0.34538,0.35272
132,109.1294,0.29579,0.31111,0.33204,0.34527,0.3527
133,109.9594,0.29535,0.3107,0.33179,0.34515,0.35267
134,110.7794,0.29491,0.3103,0.33154,0.34504,0.35264
135,111.6094,0.29447,0.3099,0.33129,0.34493,0.35261
136,112.4394,0.29403,0.30949,0.33104,0.34481,0.35259
137,113.2594,0.29358,0.30908,0.33079,0.3447,0.35256
138,114.0894,0.29314,0.30868,0.33053,0.34459,0.35253
139,114.9194,0.29269,0.30827,0.33028,0.34447,0.3525
140,115.7394,0.29224,0.30786,0.33003,0.34436,0.35248
141,116.5694,0.29184,0.30747,0.32978,0.34424,0.35245
142,117.3994,0.29147,0.30709,0.32953,0.34413,0.35242
143,118.2194,0.29109,0.30671,0.32928,0.34401,0.35239
144,119.0494,0.29071,0.30633,0.32903,0.3439,0.35236
145,119.8794,0.29033,0.30595,0.32878,0.34378,0.35233
146,120.6994,0.28995,0.30557,0.32853,0.34366,0.35231
147,121.5294,0.28959,0.30519,0.32827,0.34355,0.35228
148,122.3594,0.28923,0.30482,0.32802,0.34343,0.35225
149,123.1794,0.28888,0.30445,0.32777,0.34331,0.35222
150,124.0094,0.28853,0.30408,0.32752,0.34319,0.35219
151,124.8394,0.28817,0.30372,0.32727,0.34307,0.35216
152,125.6594,0.28782,0.30335,0.32702,0.34296,0.35213
153,126.4894,0.28746,0.30298,0.32677,0.34284,0.3521
154,127.3194,0.28711,0.30261,0.32652,0.34272,0.35208
155,128.1394,0.28676,0.30224,0.32627,0.3426,0.35205
156,128.9694,0.2864,0.30187,0.32602,0.34248,0.35202
157,129.7994,0.28605,0.3015,0.32577,0.34237,0.35199
158,130.6194,0.28576,0.30117,0.32553,0.34225,0.35196
159,131.4494,0.28548,0.30085,0.32529,0.34213,0.35193
160,132.2794,0.28521,0.30053,0.32505,0.34202,0.3519
161,133.0994,0.28493,0.3002,0.32482,0.3419,0.35187
162,133.9294,0.28465,0.29988,0.32458,0.34179,0.35184
163,134.7594,0.28437,0.29955,0.32434,0.34167,0.35182
164,135.5794,0.28409,0.29923,0.3241,0.34156,0.35179
165,136.4094,0.28381,0.29891,0.32386,0.34144,0.35176
166,137.2394,0.2835,0.29856,0.32362,0.34132,0.35173
167,138.0594,0.2832,0.29822,0.32337,0.3412,0.3517
168,138.8894,0.28289,0.29787,0.32312,0.34109,0.35167
169,139.7194,0.28258,0.29752,0.32288,0.34097,0.35164
170,140.5394,0.28227,0.29718,0.32263,0.34085,0.35161
171,141.3694,0.28197,0.29683,0.32238,0.34073,0.35158
172,142.1994,0.28166,0.29648,0.32214,0.34061,0.35155
173,143.0194,0.28135,0.29614,0.32189,0.34049,0.35152
174,143.8494,0.28104,0.29579,0.32164,0.34038,0.3515
175,144.6794,0.28074,0.29545,0.3214,0.34026,0.35147
176,145.4994,0.28043,0.2951,0.32115,0.34014,0.35144
177,146.3294,0.28015,0.29477,0.32091,0.34002,0.35141
178,147.1594,0.27993,0.29449,0.32068,0.3399,0.35138
179,147.9894,0.27971,0.2942,0.32045,0.33979,0.35135
180,148.8094,0.27949,0.29391,0.32022,0.33967,0.35132
181,149.6394,0.27927,0.29362,0.31999,0.33956,0.35129
182,150.4694,0.27905,0.29333,0.31976,0.33944,0.35126
183,151.2894,0.27883,0.29304,0.31953,0.33932,0.35123
184,152.1194,0.27861,0.29275,0.3193,0.33921,0.3512
185,152.9494,0.27839,0.29246,0.31907,0.33909,0.35117
186,153.7694,0.27817,0.29217,0.31884,0.33898,0.35115
187,154.5994,0.27795,0.29188,0.31861,0.33886,0.35112
188,155.4294,0.27774,0.2916,0.31838,0.33874,0.35109
189,156.2494,0.27754,0.29132,0.31815,0.33863,0.35106
190,157.0794,0.27734,0.29104,0.31792,0.33851,0.35103
191,157.9094,0.27714,0.29076,0.3177,0.3384,0.351
192,158.7294,0.27693,0.29049,0.31747,0.33828,0.35097
193,159.5594,0.27673,0.29021,0.31724,0.33817,0.35094
194,160.3894,0.27653,0.28993,0.31702,0.33805,0.35091
195,161.2094,0.27633,0.28965,0.31679,0.33793,0.35088
196,162.0394,0.27617,0.28941,0.31657,0.33782,0.35085
197,162.8694,0.27602,0.28917,0.31636,0.33771,0.35083
198,163.6894,0.27587,0.28893,0.31614,0.3376,0.3508
199,164.5194,0.27571,0.28869,0.31593,0.33748,0.35077
200,165.3494,0.27556,0.28845,0.31572,0.33737,0.35074
201,166.1694,0.2754,0.28821,0.3155,0.33726,0.35071
202,166.9994,0.27525,0.28797,0.31529,0.33715,0.35068
203,167.8294,0.27509,0.28773,0.31508,0.33703,0.35065
204,168.6494,0.27494,0.28748,0.31486,0.33692,0.35062
205,169.4794,0.27478,0.28724,0.31465,0.33681,0.3506
206,170.3094,0.27463,0.287,0.31444,0.3367,0.35057
207,171.1294,0.27447,0.28676,0.31422,0.33658,0.35054
208,171.9594,0.27432,0.28652,0.31401,0.33647,0.35051
209,172.7894,0.27416,0.28628,0.3138,0.33636,0.35048
210,173.6094,0.27401,0.28604,0.31358,0.33625,0.35045
211,174.4394,0.27386,0.28581,0.31337,0.33613,0.35042
212,175.2694,0.27374,0.2856,0.31317,0.33602,0.35039
213,176.0894,0.27363,0.28539,0.31297,0.33591,0.35037
214,176.9194,0.27351,0.28518,0.31277,0.3358,0.35034
215,177.7494,0.2734,0.28497,0.31256,0.33569,0.35031
216,178.5694,0.27328,0.28476,0.31236,0.33558,0.35028
217,179.3994,0.27316,0.28455,0.31216,0.33548,0.35025
218,180.2294,0.27305,0.28435,0.31196,0.33537,0.35022
219,181.0494,0.27294,0.28414,0.31176,0.33526,0.3502
220,181.8794,0.27283,0.28394,0.31156,0.33515,0.35017
221,182.7094,0.27271,0.28374,0.31136,0.33504,0.35014
222,183.5294,0.2726,0.28353,0.31117,0.33493,0.35011
223,184.3594,0.27249,0.28333,0.31097,0.33482,0.35008
224,185.1894,0.27238,0.28312,0.31077,0.33472,0.35006
225,186.0094,0.27227,0.28292,0.31057,0.33461,0.35003
226,186.8394,0.27215,0.28271,0.31037,0.3345,0.35
227,187.6694,0.27206,0.28253,0.31018,0.33439,0.34997
228,188.4894,0.27199,0.28237,0.31,0.33429,0.34995
229,189.3194,0.27192,0.2822,0.30982,0.33418,0.34992
230,190.1494,0.27184,0.28204,0.30963,0.33408,0.34989
231,190.9794,0.27177,0.28187,0.30945,0.33398,0.34986
232,191.7994,0.27169,0.2817,0.30927,0.33387,0.34984
233,192.6294,0.27162,0.28154,0.30909,0.33377,0.34981
234,193.4594,0.27154,0.28137,0.3089,0.33366,0.34978
235,194.2794,0.27147,0.28121,0.30872,0.33356,0.34975
236,195.1094,0.27139,0.28104,0.30854,0.33346,0.34973
237,195.9394,0.27132,0.28088,0.30836,0.33335,0.3497
238,196.7594,0.27125,0.28071,0.30818,0.33325,0.34967
239,197.5894,0.27117,0.28054,0.30799,0.33314,0.34964
240,198.4194,0.2711,0.28038,0.30781,0.33304,0.34962
241,199.2394,0.27102,0.28022,0.30763,0.33294,0.34959
242,200.0694,0.27095,0.28005,0.30745,0.33283,0.34956
243,200.8994,0.27088,0.2799,0.30728,0.33273,0.34953
244,201.7194,0.27082,0.27974,0.3071,0.33263,0.34951
245,202.5494,0.27076,0.2796,0.30693,0.33252,0.34948
246,203.3794,0.27071,0.27947,0.30676,0.33242,0.34945
247,204.1994,0.27066,0.27934,0.3066,0.33232,0.34943
248,205.0294,0.27061,0.27921,0.30643,0.33222,0.3494
249,205.8594,0.27057,0.27908,0.30627,0.33212,0.34937
250,206.6794,0.27052,0.27894,0.3061,0.33203,0.34935
251,207.5094,0.27048,0.27881,0.30594,0.33193,0.34932
252,208.3394,0.27043,0.27868,0.30577,0.33183,0.34929
253,209.1594,0.27039,0.27855,0.30561,0.33173,0.34927
254,209.9894,0.27034,0.27842,0.30544,0.33163,0.34924
255,210.8194,0.2703,0.27829,0.30528,0.33153,0.34921
256,211.6394,0.27026,0.27816,0.30511,0.33143,0.34919
257,212.4694,0.27021,0.27803,0.30495,0.33133,0.34916
258,213.2994,0.27017,0.2779,0.30478,0.33123,0.34913
259,214.1194,0.27013,0.27778,0.30462,0.33114,0.34911
260,214.9494,0.2701,0.27767,0.30447,0.33104,0.34908
261,215.7794,0.27006,0.27756,0.30432,0.33094,0.34906
262,216.5994,0.27003,0.27745,0.30416,0.33085,0.34903
263,217.4294,0.27,0.27734,0.30401,0.33075,0.349
264,218.2594,0.26996,0.27724,0.30386,0.33065,0.34898
265,219.0794,0.26993,0.27713,0.3037,0.33056,0.34895
266,219.9094,0.26989,0.27701,0.30355,0.33046,0.34893
267,220.7394,0.26985,0.27689,0.30339,0.33037,0.3489
268,221.5594,0.26982,0.27677,0.30324,0.33027,0.34887
269,222.3894,0.26979,0.27667,0.30308,0.33018,0.34885
270,223.2194,0.26976,0.27656,0.30294,0.33008,0.34882
271,224.0394,0.26974,0.27647,0.3028,0.32999,0.3488
272,224.8694,0.26972,0.27639,0.30266,0.3299,0.34877
273,225.6994,0.2697,0.2763,0.30252,0.32981,0.34875
274,226.5194,0.26968,0.27621,0.30238,0.32972,0.34872
275,227.3494,0.26966,0.27612,0.30224,0.32963,0.3487
276,228.1794,0.26963,0.27603,0.30209,0.32954,0.34867
277,228.9994,0.26961,0.27594,0.30195,0.32944,0.34865
278,229.8294,0.2696,0.27585,0.30182,0.32935,0.34862
279,230.6594,0.26958,0.27577,0.30168,0.32926,0.3486
280,231.4794,0.26956,0.27569,0.30154,0.32918,0.34857
281,232.3094,0.26954,0.2756,0.30141,0.32909,0.34855
282,233.1394,0.26952,0.27552,0.30127,0.329,0.34852
283,233.9594,0.26951,0.27544,0.30114,0.32891,0.3485
284,234.7894,0.26949,0.27536,0.301,0.32882,0.34847
285,235.6194,0.26948,0.27528,0.30087,0.32873,0.34845
286,236.4494,0.26946,0.27522,0.30075,0.32865,0.34843
287,237.2694,0.26945,0.27516,0.30063,0.32856,0.3484
288,238.0994,0.26944,0.27509,0.30051,0.32848,0.34838
289,238.9294,0.26943,0.27503,0.30039,0.32839,0.34836
290,239.7494,0.26942,0.27497,0.30027,0.32831,0.34833
291,240.5794,0.26941,0.27491,0.30015,0.32823,0.34831
292,241.4094,0.2694,0.27485,0.30004,0.32815,0.34829
293,242.2294,0.26939,0.27479,0.29992,0.32806,0.34826
294,243.0594,0.26938,0.27472,0.2998,0.32798,0.34824
295,243.8894,0.26937,0.27466,0.29968,0.3279,0.34822
296,244.7094,0.26936,0.27459,0.29955,0.32781,0.34819
297,245.5394,0.26934,0.27453,0.29943,0.32773,0.34817
298,246.3694,0.26933,0.27446,0.29931,0.32764,0.34815
299,247.1894,0.26932,0.27439,0.29919,0.32756,0.34812
300,248.0194,0.26931,0.27433,0.29907,0.32748,0.3481
301,248.8494,0.2693,0.27426,0.29895,0.32739,0.34808
302,249.6694,0.26929,0.27421,0.29883,0.32731,0.34805
303,250.4994,0.26929,0.27416,0.29872,0.32723,0.34803
304,251.3294,0.26928,0.27411,0.29861,0.32716,0.34801
305,252.1494,0.26927,0.27405,0.2985,0.32708,0.34799
306,252.9794,0.26926,0.274,0.29839,0.327,0.34796
307,253.8094,0.26926,0.27396,0.29828,0.32692,0.34794
308,254.6294,0.26925,0.27391,0.29818,0.32684,0.34792
309,255.4594,0.26925,0.27386,0.29807,0.32676,0.3479
310,256.2894,0.26924,0.27382,0.29796,0.32668,0.34787
311,257.1094,0.26924,0.27377,0.29785,0.3266,0.34785
312,257.9394,0.26924,0.27373,0.29775,0.32653,0.34783
313,258.7694,0.26923,0.27369,0.29765,0.32645,0.34781
314,259.5894,0.26923,0.27365,0.29755,0.32638,0.34779
315,260.4194,0.26923,0.27362,0.29746,0.3263,0.34776
316,261.2494,0.26923,0.27358,0.29737,0.32623,0.34774
317,262.0694,0.26923,0.27355,0.29727,0.32616,0.34772
318,262.8994,0.26922,0.27351,0.29718,0.32609,0.3477
319,263.7294,0.26922,0.27348,0.29708,0.32601,0.34768
320,264.5494,0.26922,0.27344,0.29699,0.32594,0.34766
321,265.3794,0.26922,0.27341,0.29689,0.32587,0.34764
322,266.2094,0.26921,0.27337,0.2968,0.32579,0.34762
323,267.0294,0.26921,0.27334,0.2967,0.32572,0.3476
324,267.8594,0.26921,0.27331,0.29661,0.32565,0.34757
325,268.6894,0.26921,0.27328,0.29652,0.32558,0.34755
326,269.5094,0.26921,0.27325,0.29643,0.32551,0.34753
327,270.3394,0.26921,0.27321,0.29634,0.32543,0.34751
328,271.1694,0.2692,0.27318,0.29625,0.32536,0.34749
329,271.9894,0.2692,0.27315,0.29616,0.32529,0.34747
330,272.8194,0.2692,0.27312,0.29607,0.32522,0.34745
331,273.6494,0.2692,0.27309,0.29598,0.32515,0.34743
332,274.4694,0.2692,0.27306,0.29589,0.32508,0.34741
333,275.2994,0.2692,0.27303,0.2958,0.32501,0.34739
334,276.1294,0.2692,0.27301,0.29572,0.32494,0.34737
335,276.9494,0.2692,0.27298,0.29564,0.32488,0.34735
336,277.7794,0.26919,0.27296,0.29555,0.32481,0.34733
337,278.6094,0.26919,0.27293,0.29547,0.32474,0.34731
338,279.4394,0.26919,0.27291,0.29539,0.32468,0.34729
339,280.2594,0.26919,0.27289,0.29532,0.32461,0.34727
340,281.0894,0.26919,0.27287,0.29524,0.32455,0.34725
341,281.9194,0.26919,0.27285,0.29517,0.32449,0.34723
342,282.7394,0.26919,0.27283,0.29509,0.32442,0.34721
343,283.5694,0.26919,0.27281,0.29502,0.32436,0.34719
344,284.3994,0.26919,0.2728,0.29495,0.3243,0.34717
345,285.2194,0.26919,0.27278,0.29487,0.32423,0.34715
346,286.0494,0.26919,0.27276,0.2948,0.32417,0.34714
347,286.8794,0.26919,0.27274,0.29473,0.32411,0.34712
348,287.6994,0.26919,0.27273,0.29465,0.32405,0.3471
349,288.5294,0.2692,0.27271,0.29458,0.32398,0.34708
350,289.3594,0.2692,0.2727,0.29451,0.32392,0.34706
351,290.1794,0.2692,0.27269,0.29444,0.32386,0.34704
352,291.0094,0.2692,0.27267,0.29438,0.3238,0.34702
353,291.8394,0.2692,0.27266,0.29431,0.32374,0.347
354,292.6594,0.2692,0.27264,0.29424,0.32368,0.34699
355,293.4894,0.2692,0.27263,0.29417,0.32362,0.34697
356,294.3194,0.2692,0.27261,0.2941,0.32356,0.34695
357,295.1394,0.2692,0.2726,0.29404,0.3235,0.34693
358,295.9694,0.2692,0.27259,0.29397,0.32344,0.34691
359,296.7994,0.2692,0.27258,0.29391,0.32338,0.3469
360,297.6194,0.2692,0.27257,0.29385,0.32332,0.34688
361,298.4494,0.2692,0.27255,0.29378,0.32327,0.34686
362,299.2794,0.2692,0.27254,0.29372,0.32321,0.34684
363,300.0994,0.2692,0.27253,0.29366,0.32315,0.34682
364,300.9294,0.26921,0.27252,0.29359,0.32309,0.34681
365,301.7594,0.26921,0.27251,0.29353,0.32304,0.34679
366,302.5794,0.26921,0.2725,0.29348,0.32298,0.34677
367,303.4094,0.26921,0.2725,0.29342,0.32293,0.34675
368,304.2394,0.26921,0.27249,0.29336,0.32287,0.34674
369,305.0594,0.26921,0.27248,0.29331,0.32282,0.34672
370,305.8894,0.26921,0.27247,0.29325,0.32276,0.3467
371,306.7194,0.26921,0.27246,0.2932,0.32271,0.34669
372,307.5394,0.26921,0.27246,0.29314,0.32266,0.34667
373,308.3694,0.26921,0.27245,0.29309,0.3226,0.34665
374,309.1994,0.26921,0.27244,0.29303,0.32255,0.34664
375,310.0194,0.26922,0.27244,0.29298,0.3225,0.34662
376,310.8494,0.26922,0.27243,0.29293,0.32245,0.3466
377,311.6794,0.26922,0.27242,0.29287,0.32239,0.34659
378,312.4994,0.26922,0.27242,0.29282,0.32234,0.34657
379,313.3294,0.26922,0.27241,0.29276,0.32229,0.34655
380,314.1594,0.26922,0.2724,0.29271,0.32223,0.34654
381,314.9794,0.26922,0.27239,0.29266,0.32218,0.34652
382,315.8094,0.26922,0.27239,0.2926,0.32213,0.3465
383,316.6394,0.26922,0.27238,0.29255,0.32208,0.34649
384,317.4594,0.26922,0.27238,0.29251,0.32203,0.34647
385,318.2894,0.26922,0.27238,0.29246,0.32198,0.34645
386,319.1194,0.26922,0.27237,0.29242,0.32193,0.34644
387,319.9394,0.26923,0.27237,0.29237,0.32189,0.34642
388,320.7694,0.26923,0.27237,0.29233,0.32184,0.34641
389,321.5994,0.26923,0.27237,0.29228,0.32179,0.34639
390,322.4194,0.26923,0.27236,0.29224,0.32174,0.34638
391,323.2494,0.26923,0.27236,0.2922,0.32169,0.34636
392,324.0794,0.26923,0.27236,0.29215,0.32165,0.34634
393,324.9094,0.26923,0.27235,0.2921,0.3216,0.34633
394,325.7294,0.26923,0.27235,0.29206,0.32155,0.34631
395,326.5594,0.26923,0.27235,0.29201,0.3215,0.3463
396,327.3894,0.26923,0.27235,0.29197,0.32145,0.34628
397,328.2094,0.26923,0.27234,0.29192,0.32141,0.34627
398,329.0394,0.26924,0.27235,0.29189,0.32136,0.34625
399,329.8694,0.26924,0.27235,0.29185,0.32132,0.34624
400,330.6894,0.26924,0.27234,0.29181,0.32128,0.34623
401,331.5194,0.26924,0.27234,0.29178,0.32124,0.34621
402,332.3494,0.26924,0.27234,0.29174,0.32119,0.3462
403,333.1694,0.26924,0.27234,0.2917,0.32115,0.34618
404,333.9994,0.26924,0.27234,0.29167,0.32111,0.34617
405,334.8294,0.26924,0.27234,0.29163,0.32107,0.34616
406,335.6494,0.26925,0.27234,0.29159,0.32102,0.34614
407,336.4794,0.26925,0.27234,0.29156,0.32098,0.34613
408,337.3094,0.26925,0.27234,0.29152,0.32094,0.34612
409,338.1294,0.26925,0.27234,0.29148,0.32089,0.3461
410,338.9594,0.26925,0.27234,0.29145,0.32085,0.34609
411,339.7894,0.26925,0.27234,0.29141,0.32081,0.34607
412,340.6094,0.26925,0.27234,0.29137,0.32077,0.34606
413,341.4394,0.26925,0.27234,0.29134,0.32072,0.34605
414,342.2694,0.26926,0.27234,0.2913,0.32068,0.34603
415,343.0894,0.26926,0.27234,0.29127,0.32064,0.34602
416,343.9194,0.26926,0.27234,0.29123,0.3206,0.34601
417,344.7494,0.26926,0.27234,0.2912,0.32056,0.346
418,345.5694,0.26926,0.27234,0.29117,0.32053,0.34598
419,346.3994,0.26926,0.27234,0.29114,0.32049,0.34597
420,347.2294,0.26926,0.27234,0.29111,0.32045,0.34596
421,348.0494,0.26926,0.27234,0.29108,0.32041,0.34595
422,348.8794,0.26926,0.27234,0.29105,0.32038,0.34593
423,349.7094,0.26927,0.27234,0.29102,0.32034,0.34592
424,350.5294,0.26927,0.27234,0.29099,0.3203,0.34591
425,351.3594,0.26927,0.27234,0.29096,0.32027,0.3459
426,352.1894,0.26927,0.27234,0.29093,0.32023,0.34588
427,353.0094,0.26927,0.27234,0.29091,0.32019,0.34587
428,353.8394,0.26927,0.27234,0.29088,0.32016,0.34586
429,354.6694,0.26927,0.27235,0.29085,0.32012,0.34585
430,355.4894,0.26927,0.27235,0.29082,0.32008,0.34583
431,356.3194,0.26927,0.27235,0.29079,0.32004,0.34582
432,357.1494,0.26927,0.27235,0.29076,0.32001,0.34581
433,357.9694,0.26927,0.27235,0.29073,0.31997,0.3458
434,358.7994,0.26927,0.27235,0.2907,0.31993,0.34578
435,359.6294,0.26927,0.27235,0.29068,0.3199,0.34577
436,360.4494,0.26927,0.27235,0.29065,0.31986,0.34576
437,361.2794,0.26927,0.27235,0.29063,0.31983,0.34575
438,362.1094,0.26927,0.27235,0.2906,0.31979,0.34573
439,362.9294,0.26927,0.27235,0.29058,0.31976,0.34572
440,363.7594,0.26927,0.27235,0.29055,0.31973,0.34571
441,364.5894,0.26927,0.27235,0.29052,0.31969,0.3457
442,365.4094,0.26927,0.27235,0.2905,0.31966,0.34568
443,366.2394,0.26927,0.27235,0.29047,0.31962,0.34567
444,367.0694,0.26927,0.27235,0.29045,0.31959,0.34566
445,367.8994,0.26927,0.27235,0.29042,0.31956,0.34565
446,368.7194,0.26927,0.27234,0.2904,0.31952,0.34564
447,369.5494,0.26927,0.27234,0.29037,0.31949,0.34563
448,370.3794,0.26927,0.27234,0.29035,0.31946,0.34561
449,371.1994,0.26927,0.27234,0.29032,0.31942,0.3456
450,372.0294,0.26927,0.27234,0.2903,0.31939,0.34559
451,372.8594,0.26927,0.27234,0.29027,0.31936,0.34558
452,373.6794,0.26927,0.27233,0.29025,0.31933,0.34557
453,374.5094,0.26927,0.27233,0.29023,0.31929,0.34556
454,375.3394,0.26927,0.27233,0.2902,0.31926,0.34554
455,376.1594,0.26927,0.27233,0.29018,0.31923,0.34553
456,376.9894,0.26927,0.27233,0.29016,0.3192,0.34552
457,377.8194,0.26926,0.27233,0.29014,0.31917,0.34551
458,378.6394,0.26926,0.27233,0.29012,0.31914,0.3455
459,379.4694,0.26926,0.27233,0.2901,0.31911,0.34549
460,380.2994,0.26926,0.27232,0.29007,0.31908,0.34548
461,381.1194,0.26926,0.27232,0.29005,0.31905,0.34547
462,381.9494,0.26926,0.27232,0.29003,0.31903,0.34546
463,382.7794,0.26926,0.27232,0.29001,0.319,0.34545
464,383.5994,0.26926,0.27232,0.28999,0.31897,0.34544
465,384.4294,0.26926,0.27232,0.28997,0.31894,0.34543
466,385.2594,0.26926,0.27232,0.28995,0.31891,0.34542
467,386.0794,0.26926,0.27232,0.28993,0.31888,0.34541
468,386.9094,0.26926,0.27232,0.28991,0.31886,0.3454
469,387.7394,0.26926,0.27232,0.2899,0.31883,0.34539
470,388.5594,0.26926,0.27232,0.28988,0.3188,0.34538
471,389.3894,0.26926,0.27232,0.28986,0.31878,0.34537
472,390.2194,0.26926,0.27232,0.28984,0.31875,0.34536
473,391.0394,0.26926,0.27231,0.28983,0.31873,0.34535
474,391.8694,0.26926,0.27231,0.28981,0.3187,0.34534
475,392.6994,0.26926,0.27231,0.28979,0.31868,0.34533
476,393.5194,0.26926,0.27231,0.28978,0.31865,0.34532
477,394.3494,0.26926,0.27231,0.28976,0.31863,0.34531
478,395.1794,0.26926,0.27231,0.28974,0.31861,0.3453
479,395.9994,0.26926,0.27231,0.28973,0.31858,0.34529
480,396.8294,0.26926,0.27231,0.28971,0.31856,0.34528
481,397.6594,0.26925,0.2723,0.28969,0.31853,0.34528
482,398.4794,0.26925,0.2723,0.28968,0.31851,0.34527
483,399.3094,0.26925,0.2723,0.28966,0.31849,0.34526
484,400.1394,0.26925,0.2723,0.28964,0.31846,0.34525
485,400.9594,0.26925,0.27229,0.28963,0.31844,0.34524
486,401.7894,0.26925,0.27229,0.28961,0.31842,0.34523
487,402.6194,0.26925,0.27229,0.2896,0.31839,0.34522
488,403.4394,0.26925,0.27229,0.28958,0.31837,0.34521
489,404.2694,0.26925,0.27228,0.28956,0.31834,0.3452
490,405.0994,0.26925,0.27228,0.28954,0.31832,0.34519
491,405.9194,0.26924,0.27227,0.28952,0.3183,0.34519
492,406.7494,0.26924,0.27227,0.28951,0.31827,0.34518
493,407.5794,0.26924,0.27226,0.28949,0.31825,0.34517
494,408.3994,0.26924,0.27226,0.28947,0.31823,0.34516
495,409.2294,0.26924,0.27225,0.28946,0.31821,0.34515
496,410.0594,0.26924,0.27225,0.28944,0.31819,0.34515
497,410.8794,0.26924,0.27224,0.28943,0.31817,0.34514
498,411.7094,0.26924,0.27224,0.28942,0.31815,0.34513
499,412.5394,0.26923,0.27224,0.2894,0.31813,0.34512
500,413.3694,0.26923,0.27223,0.28939,0.31811,0.34512
501,414.1894,0.26923,0.27223,0.28938,0.3181,0.34511
502,415.0194,0.26923,0.27223,0.28936,0.31808,0.3451
503,415.8494,0.26923,0.27222,0.28935,0.31806,0.34509
504,416.6694,0.26923,0.27222,0.28933,0.31804,0.34509
505,417.4994,0.26923,0.27222,0.28932,0.31802,0.34508
506,418.3294,0.26923,0.27221,0.28931,0.318,0.34507
507,419.1494,0.26923,0.27221,0.28929,0.31798,0.34506
508,419.9794,0.26923,0.2722,0.28928,0.31796,0.34506
509,420.8094,0.26922,0.2722,0.28926,0.31794,0.34505
510,421.6294,0.26922,0.2722,0.28925,0.31792,0.34504
511,422.4594,0.26922,0.27219,0.28924,0.31791,0.34504
512,423.2894,0.26922,0.27219,0.28923,0.31789,0.34503
513,424.1094,0.26922,0.27218,0.28921,0.31788,0.34502
514,424.9394,0.26922,0.27218,0.2892,0.31786,0.34502
515,425.7694,0.26922,0.27217,0.28919,0.31785,0.34501
516,426.5894,0.26921,0.27217,0.28918,0.31783,0.345
517,427.4194,0.26921,0.27216,0.28917,0.31782,0.345
518,428.2494,0.26921,0.27216,0.28916,0.3178,0.34499
519,429.0694,0.26921,0.27215,0.28914,0.31779,0.34499
520,429.8994,0.26921,0.27215,0.28913,0.31777,0.34498
521,430.7294,0.26921,0.27214,0.28912,0.31776,0.34497
522,431.5494,0.26921,0.27214,0.28911,0.31774,0.34497
523,432.3794,0.26921,0.27213,0.2891,0.31773,0.34496
524,433.2094,0.2692,0.27213,0.28909,0.31771,0.34496
525,434.0294,0.2692,0.27212,0.28907,0.3177,0.34495
526,434.8594,0.2692,0.27211,0.28906,0.31769,0.34495
527,435.6894,0.2692,0.27211,0.28905,0.31768,0.34494
528,436.5094,0.2692,0.2721,0.28904,0.31766,0.34494
529,437.3394,0.2692,0.2721,0.28903,0.31765,0.34493
530,438.1694,0.2692,0.27209,0.28902,0.31764,0.34493
531,438.9894,0.2692,0.27209,0.28901,0.31763,0.34492
532,439.8194,0.2692,0.27208,0.28901,0.31762,0.34492
533,440.6494,0.2692,0.27208,0.289,0.31761,0.34492
534,441.4694,0.2692,0.27208,0.28899,0.3176,0.34491
535,442.2994,0.2692,0.27207,0.28899,0.31759,0.34491
536,443.1294,0.2692,0.27207,0.28898,0.31758,0.34491
537,443.9494,0.2692,0.27207,0.28897,0.31757,0.3449
538,444.7794,0.26919,0.27206,0.28896,0.31757,0.3449
539,445.6094,0.26919,0.27205,0.28896,0.31756,0.34489
540,446.4294,0.26919,0.27205,0.28895,0.31755,0.34489
541,447.2594,0.26919,0.27204,0.28894,0.31754,0.34489
542,448.0894,0.26919,0.27204,0.28893,0.31753,0.34488
543,448.9094,0.26919,0.27203,0.28892,0.31752,0.34488
544,449.7394,0.26919,0.27203,0.28891,0.31751,0.34487
545,450.5694,0.26918,0.27202,0.28891,0.3175,0.34487
546,451.3894,0.26918,0.27201,0.2889,0.3175,0.34487
547,452.2194,0.26918,0.27201,0.28889,0.31749,0.34486
548,453.0494,0.26918,0.272,0.28888,0.31748,0.34486
549,453.8694,0.26918,0.27199,0.28887,0.31747,0.34485
550,454.6994,0.26918,0.27199,0.28887,0.31747,0.34485
551,455.5294,0.26917,0.27198,0.28886,0.31746,0.34485
552,456.3594,0.26917,0.27197,0.28885,0.31745,0.34484
553,457.1794,0.26917,0.27197,0.28884,0.31744,0.34484
554,458.0094,0.26917,0.27196,0.28884,0.31744,0.34484
555,458.8394,0.26917,0.27195,0.28883,0.31743,0.34483
556,459.6594,0.26917,0.27195,0.28882,0.31743,0.34483
557,460.4894,0.26916,0.27194,0.28882,0.31742,0.34483
558,461.3194,0.26916,0.27193,0.28881,0.31742,0.34482
559,462.1394,0.26916,0.27192,0.2888,0.31741,0.34482
560,462.9694,0.26916,0.27192,0.2888,0.31741,0.34482
561,463.7994,0.26916,0.27191,0.28879,0.31741,0.34482
562,464.6194,0.26916,0.2719,0.28879,0.3174,0.34481
563,465.4494,0.26915,0.2719,0.28878,0.3174,0.34481
564,466.2794,0.26915,0.27189,0.28878,0.3174,0.34481
565,467.0994,0.26915,0.27188,0.28877,0.31739,0.34481
566,467.9294,0.26915,0.27188,0.28877,0.31739,0.3448
567,468.7594,0.26915,0.27187,0.28876,0.31739,0.3448
568,469.5794,0.26915,0.27186,0.28876,0.31739,0.3448
569,470.4094,0.26914,0.27185,0.28875,0.31739,0.3448
570,471.2394,0.26914,0.27184,0.28875,0.31739,0.3448
571,472.0594,0.26914,0.27184,0.28874,0.31738,0.3448
572,472.8894,0.26914,0.27183,0.28874,0.31738,0.3448
573,473.7194,0.26914,0.27182,0.28874,0.31739,0.3448
574,474.5394,0.26914,0.27182,0.28874,0.31739,0.3448
575,475.3694,0.26914,0.27181,0.28873,0.31739,0.3448
576,476.1994,0.26914,0.27181,0.28873,0.31739,0.3448
577,477.0194,0.26914,0.2718,0.28873,0.3174,0.3448
578,477.8494,0.26913,0.27179,0.28873,0.3174,0.3448
579,478.6794,0.26913,0.27179,0.28873,0.3174,0.3448
580,479.4994,0.26913,0.27178,0.28873,0.3174,0.3448
581,480.3294,0.26913,0.27178,0.28873,0.3174,0.3448
582,481.1594,0.26913,0.27177,0.28873,0.31741,0.3448
583,481.9794,0.26913,0.27176,0.28873,0.31741,0.3448
584,482.8094,0.26913,0.27176,0.28873,0.31742,0.3448
585,483.6394,0.26913,0.27175,0.28873,0.31742,0.3448
586,484.4594,0.26913,0.27174,0.28873,0.31742,0.3448
587,485.2894,0.26912,0.27173,0.28873,0.31743,0.3448
588,486.1194,0.26912,0.27173,0.28873,0.31743,0.3448
589,486.9394,0.26912,0.27172,0.28873,0.31744,0.3448
590,487.7694,0.26912,0.27171,0.28873,0.31744,0.3448
591,488.5994,0.26912,0.27171,0.28873,0.31744,0.3448
592,489.4194,0.26912,0.2717,0.28873,0.31745,0.3448
593,490.2494,0.26912,0.27169,0.28872,0.31745,0.3448
594,491.0794,0.26912,0.27169,0.28873,0.31746,0.3448
595,491.8994,0.26912,0.27168,0.28873,0.31747,0.3448
596,492.7294,0.26912,0.27167,0.28873,0.31748,0.34481
597,493.5594,0.26911,0.27167,0.28874,0.31749,0.34481
598,494.3794,0.26911,0.27166,0.28874,0.31749,0.34481
599,495.2094,0.26911,0.27166,0.28874,0.3175,0.34481
600,496.0394,0.26911,0.27165,0.28875,0.31751,0.34481
601,496.8594,0.26911,0.27164,0.28875,0.31752,0.34482
602,497.6894,0.26911,0.27164,0.28875,0.31753,0.34482
603,498.5194,0.26911,0.27163,0.28876,0.31754,0.34482
604,499.3394,0.26911,0.27162,0.28876,0.31755,0.34482
605,500.1694,0.26911,0.27162,0.28877,0.31756,0.34483
606,500.9994,0.26911,0.27161,0.28877,0.31757,0.34483
607,501.8294,0.2691,0.2716,0.28877,0.31758,0.34483
608,502.6494,0.2691,0.2716,0.28878,0.31759,0.34483
609,503.4794,0.2691,0.27159,0.28879,0.3176,0.34484
610,504.3094,0.2691,0.27159,0.28879,0.31762,0.34484
611,505.1294,0.2691,0.27158,0.2888,0.31763,0.34484
612,505.9594,0.2691,0.27157,0.28881,0.31764,0.34485
613,506.7894,0.2691,0.27157,0.28881,0.31765,0.34485
614,507.6094,0.2691,0.27156,0.28882,0.31767,0.34485
615,508.4394,0.2691,0.27156,0.28883,0.31768,0.34486
616,509.2694,0.2691,0.27155,0.28884,0.31769,0.34486
617,510.0894,0.2691,0.27155,0.28884,0.3177,0.34486
618,510.9194,0.2691,0.27154,0.28885,0.31772,0.34487
619,511.7494,0.2691,0.27154,0.28887,0.31774,0.34487
620,512.5694,0.26909,0.27153,0.28888,0.31776,0.34488
621,513.3994,0.26909,0.27153,0.28889,0.31777,0.34488
622,514.2294,0.26909,0.27152,0.2889,0.31779,0.34489
623,515.0494,0.26909,0.27152,0.28891,0.31781,0.34489
624,515.8794,0.26909,0.27151,0.28892,0.31783,0.3449
625,516.7094,0.26909,0.27151,0.28894,0.31784,0.3449
626,517.5294,0.26909,0.27151,0.28895,0.31786,0.34491
627,518.3594,0.26909,0.2715,0.28896,0.31788,0.34491
628,519.1894,0.26909,0.2715,0.28897,0.3179,0.34492
629,520.0094,0.26909,0.27149,0.28899,0.31791,0.34492
630,520.8394,0.26909,0.27149,0.289,0.31793,0.34493
631,521.6694,0.26909,0.27149,0.28902,0.31795,0.34493
632,522.4894,0.26909,0.27149,0.28903,0.31797,0.34494
633,523.3194,0.26909,0.27148,0.28905,0.31799,0.34495
634,524.1494,0.26909,0.27148,0.28906,0.31801,0.34495
635,524.9694,0.26909,0.27148,0.28907,0.31803,0.34496
636,525.7994,0.26909,0.27147,0.28909,0.31805,0.34496
637,526.6294,0.26908,0.27147,0.28911,0.31808,0.34497
638,527.4494,0.26908,0.27146,0.28913,0.3181,0.34498
639,528.2794,0.26908,0.27146,0.28914,0.31812,0.34498
640,529.1094,0.26908,0.27146,0.28916,0.31815,0.34499
641,529.9294,0.26908,0.27145,0.28918,0.31817,0.345
642,530.7594,0.26908,0.27145,0.2892,0.31819,0.345
643,531.5894,0.26908,0.27144,0.28922,0.31822,0.34501
644,532.4094,0.26908,0.27144,0.28923,0.31824,0.34502
645,533.2394,0.26908,0.27144,0.28925,0.31826,0.34502
646,534.0694,0.26908,0.27143,0.28927,0.31829,0.34503
647,534.8894,0.26908,0.27143,0.28929,0.31831,0.34504
648,535.7194,0.26908,0.27142,0.28931,0.31833,0.34505
649,536.5494,0.26908,0.27142,0.28932,0.31836,0.34505
650,537.3694,0.26908,0.27142,0.28934,0.31838,0.34506
651,538.1994,0.26908,0.27141,0.28936,0.3184,0.34507
652,539.0294,0.26907,0.27141,0.28938,0.31843,0.34507
653,539.8494,0.26907,0.27141,0.28941,0.31846,0.34508
654,540.6794,0.26908,0.27141,0.28944,0.31849,0.34509
655,541.5094,0.26908,0.27141,0.28947,0.31853,0.3451
656,542.3294,0.26908,0.27142,0.2895,0.31856,0.34511
657,543.1594,0.26908,0.27142,0.28952,0.31859,0.34512
658,543.9894,0.26908,0.27142,0.28955,0.31862,0.34513
659,544.8194,0.26908,0.27142,0.28958,0.31865,0.34514
660,545.6394,0.26908,0.27142,0.28961,0.31868,0.34515
661,546.4694,0.26907,0.27142,0.28964,0.31872,0.34516
662,547.2994,0.26907,0.27142,0.28967,0.31875,0.34517
663,548.1194,0.26907,0.27142,0.2897,0.31878,0.34518
664,548.9494,0.26907,0.27142,0.28973,0.31881,0.34519
665,549.7794,0.26907,0.27142,0.28976,0.31885,0.3452
666,550.5994,0.26907,0.27142,0.28979,0.31888,0.34521
667,551.4294,0.26907,0.27142,0.28982,0.31891,0.34522
668,552.2594,0.26907,0.27142,0.28985,0.31894,0.34523
669,553.0794,0.26907,0.27142,0.28988,0.31898,0.34524
670,553.9094,0.26907,0.27142,0.28991,0.31901,0.34525
671,554.7394,0.26907,0.27142,0.28994,0.31904,0.34526
672,555.5594,0.26907,0.27142,0.28997,0.31907,0.34527
673,556.3894,0.26907,0.27142,0.29,0.31911,0.34528
674,557.2194,0.26907,0.27142,0.29003,0.31914,0.34529
675,558.0394,0.26907,0.27142,0.29006,0.31917,0.3453
676,558.8694,0.26907,0.27142,0.29009,0.3192,0.34531
677,559.6994,0.26907,0.27142,0.29012,0.31924,0.34532
678,560.5194,0.26907,0.27143,0.29016,0.31928,0.34533
679,561.3494,0.26907,0.27143,0.29019,0.31931,0.34534
680,562.1794,0.26907,0.27144,0.29024,0.31935,0.34535
681,562.9994,0.26907,0.27144,0.29028,0.3194,0.34536
682,563.8294,0.26907,0.27145,0.29032,0.31944,0.34538
683,564.6594,0.26907,0.27146,0.29036,0.31948,0.34539
684,565.4794,0.26907,0.27146,0.29041,0.31952,0.3454
685,566.3094,0.26907,0.27147,0.29045,0.31956,0.34541
686,567.1394,0.26907,0.27147,0.29049,0.3196,0.34543
687,567.9594,0.26907,0.27148,0.29054,0.31965,0.34544
688,568.7894,0.26907,0.27149,0.29058,0.31969,0.34545
689,569.6194,0.26907,0.27149,0.29062,0.31973,0.34546
690,570.4394,0.26907,0.2715,0.29067,0.31977,0.34548
691,571.2694,0.26907,0.2715,0.29071,0.31981,0.34549
692,572.0994,0.26907,0.27151,0.29075,0.31985,0.3455
693,572.9194,0.26907,0.27152,0.29079,0.3199,0.34551
694,573.7494,0.26907,0.27152,0.29084,0.31994,0.34553
695,574.5794,0.26907,0.27153,0.29089,0.31999,0.34554
696,575.3994,0.26907,0.27154,0.29094,0.32003,0.34556
697,576.2294,0.26907,0.27155,0.29099,0.32007,0.34557
698,577.0594,0.26907,0.27156,0.29103,0.32012,0.34558
699,577.8794,0.26907,0.27157,0.29108,0.32016,0.3456
700,578.7094,0.26907,0.27157,0.29113,0.32021,0.34561
701,579.5394,0.26907,0.27159,0.29118,0.32026,0.34562
702,580.3594,0.26907,0.2716,0.29124,0.32031,0.34564
703,581.1894,0.26907,0.27161,0.29129,0.32035,0.34565
704,582.0194,0.26907,0.27162,0.29135,0.3204,0.34567
705,582.8394,0.26908,0.27164,0.2914,0.32045,0.34568
706,583.6694,0.26908,0.27165,0.29146,0.3205,0.3457
707,584.4994,0.26908,0.27167,0.29152,0.32055,0.34571
708,585.3194,0.26908,0.27168,0.29158,0.3206,0.34573
709,586.1494,0.26908,0.2717,0.29164,0.32066,0.34574
710,586.9794,0.26908,0.27172,0.29171,0.32071,0.34576
711,587.7994,0.26908,0.27173,0.29177,0.32076,0.34577
712,588.6294,0.26908,0.27175,0.29183,0.32082,0.34579
713,589.4594,0.26908,0.27177,0.29189,0.32087,0.34581
714,590.2894,0.26908,0.27179,0.29196,0.32092,0.34582
715,591.1094,0.26908,0.2718,0.29202,0.32098,0.34584
716,591.9394,0.26908,0.27182,0.29208,0.32103,0.34585
717,592.7694,0.26908,0.27184,0.29214,0.32108,0.34587
718,593.5894,0.26908,0.27185,0.29221,0.32113,0.34588
719,594.4194,0.26908,0.27187,0.29227,0.32119,0.3459
720,595.2494,0.26908,0.27189,0.29233,0.32124,0.34592
721,596.0694,0.26908,0.27191,0.29239,0.32129,0.34593
722,596.8994,0.26908,0.27192,0.29246,0.32135,0.34595
723,597.7294,0.26908,0.27194,0.29252,0.3214,0.34596
724,598.5494,0.26908,0.27196,0.29258,0.32145,0.34598
725,599.3794,0.26909,0.27198,0.29265,0.32151,0.34599
726,600.2094,0.26909,0.272,0.29272,0.32156,0.34601
727,601.0294,0.26909,0.27203,0.2928,0.32162,0.34603
728,601.8594,0.26909,0.27205,0.29287,0.32169,0.34605
729,602.6894,0.26909,0.27208,0.29295,0.32175,0.34607
730,603.5094,0.26909,0.27211,0.29303,0.32181,0.34608
731,604.3394,0.26909,0.27214,0.29311,0.32187,0.3461
732,605.1694,0.26909,0.27216,0.29319,0.32193,0.34612
733,605.9894,0.26909,0.27219,0.29326,0.32199,0.34614
734,606.8194,0.2691,0.27222,0.29334,0.32206,0.34616
735,607.6494,0.2691,0.27225,0.29342,0.32212,0.34617
736,608.4694,0.2691,0.27227,0.2935,0.32218,0.34619
737,609.2994,0.2691,0.2723,0.29358,0.32224,0.34621
738,610.1294,0.2691,0.27233,0.29366,0.3223,0.34623
739,610.9494,0.2691,0.27236,0.29374,0.32237,0.34625
740,611.7794,0.2691,0.2724,0.29382,0.32243,0.34627
741,612.6094,0.26911,0.27243,0.29391,0.3225,0.34629
742,613.4294,0.26911,0.27246,0.29399,0.32256,0.3463
743,614.2594,0.26911,0.2725,0.29408,0.32263,0.34632
744,615.0894,0.26911,0.27253,0.29416,0.32269,0.34634
745,615.9094,0.26912,0.27258,0.29426,0.32276,0.34636
746,616.7394,0.26912,0.27262,0.29435,0.32283,0.34638
747,617.5694,0.26912,0.27266,0.29444,0.3229,0.3464
748,618.3894,0.26913,0.2727,0.29454,0.32297,0.34642
749,619.2194,0.26913,0.27274,0.29463,0.32303,0.34644
750,620.0494,0.26913,0.27278,0.29473,0.3231,0.34646
751,620.8694,0.26913,0.27283,0.29482,0.32317,0.34648
752,621.6994,0.26914,0.27287,0.29491,0.32324,0.3465
753,622.5294,0.26914,0.27291,0.29501,0.32331,0.34652
754,623.3494,0.26914,0.27295,0.2951,0.32338,0.34654
755,624.1794,0.26915,0.273,0.2952,0.32345,0.34656
756,625.0094,0.26915,0.27304,0.2953,0.32352,0.34658
757,625.8294,0.26915,0.27309,0.29539,0.32359,0.3466
758,626.6594,0.26916,0.27313,0.29549,0.32366,0.34662
759,627.4894,0.26916,0.27318,0.29559,0.32373,0.34665
760,628.3094,0.26917,0.27322,0.29569,0.3238,0.34667
761,629.1394,0.26917,0.27327,0.29578,0.32388,0.34669
762,629.9694,0.26918,0.27333,0.29589,0.32395,0.34671
763,630.7894,0.26918,0.27339,0.296,0.32403,0.34673
764,631.6194,0.26919,0.27345,0.29611,0.3241,0.34675
765,632.4494,0.2692,0.27351,0.29622,0.32418,0.34678
766,633.2794,0.26921,0.27357,0.29634,0.32426,0.3468
767,634.0994,0.26921,0.27364,0.29645,0.32434,0.34682
768,634.9294,0.26922,0.2737,0.29656,0.32441,0.34684
769,635.7594,0.26923,0.27376,0.29667,0.32449,0.34687
770,636.5794,0.26924,0.27383,0.29679,0.32457,0.34689
771,637.4094,0.26924,0.27389,0.2969,0.32465,0.34691
772,638.2394,0.26925,0.27395,0.29702,0.32473,0.34693
773,639.0594,0.26926,0.27402,0.29713,0.32481,0.34696
774,639.8894,0.26927,0.27408,0.29724,0.32488,0.34698
775,640.7194,0.26927,0.27414,0.29736,0.32496,0.347
776,641.5394,0.26928,0.27421,0.29747,0.32504,0.34702
777,642.3694,0.26929,0.27427,0.29759,0.32512,0.34705
778,643.1994,0.2693,0.27435,0.29771,0.3252,0.34707
779,644.0194,0.26932,0.27443,0.29784,0.32529,0.34709
780,644.8494,0.26933,0.27451,0.29796,0.32537,0.34712
781,645.6794,0.26934,0.27459,0.29809,0.32545,0.34714
782,646.4994,0.26936,0.27467,0.29822,0.32554,0.34717
783,647.3294,0.26937,0.27475,0.29835,0.32562,0.34719
784,648.1594,0.26938,0.27483,0.29847,0.32571,0.34721
785,648.9794,0.26939,0.27491,0.2986,0.32579,0.34724
786,649.8094,0.26941,0.27499,0.29873,0.32588,0.34726
787,650.6394,0.26943,0.27509,0.29887,0.32597,0.34729
788,651.4594,0.26945,0.27519,0.29901,0.32605,0.34731
789,652.2894,0.26947,0.27529,0.29915,0.32614,0.34734
790,653.1194,0.26949,0.27539,0.29928,0.32623,0.34736
791,653.9394,0.26951,0.27548,0.29942,0.32632,0.34739
792,654.7694,0.26953,0.27558,0.29956,0.32641,0.34741
793,655.5994,0.26955,0.27568,0.2997,0.3265,0.34744
794,656.4194,0.26957,0.27578,0.29984,0.32659,0.34746
795,657.2494,0.26959,0.27588,0.29998,0.32668,0.34749
796,658.0794,0.26961,0.27597,0.30012,0.32676,0.34751
797,658.8994,0.26963,0.27607,0.30026,0.32685,0.34754
798,659.7294,0.26966,0.27617,0.3004,0.32694,0.34756
799,660.5594,0.26968,0.27627,0.30053,0.32703,0.34759
800,661.3794,0.2697,0.27637,0.30067,0.32712,0.34761
801,662.2094,0.26972,0.27646,0.30081,0.32721,0.34764
802,663.0394,0.26974,0.27656,0.30095,0.3273,0.34766
803,663.8594,0.26976,0.27666,0.30109,0.32738,0.34769
804,664.6894,0.26978,0.27677,0.30124,0.32748,0.34772
805,665.5194,0.26982,0.27689,0.30139,0.32757,0.34774
806,666.3394,0.26986,0.27702,0.30155,0.32767,0.34777
807,667.1694,0.26989,0.27715,0.30172,0.32777,0.3478
808,667.9994,0.26993,0.27729,0.30188,0.32787,0.34783
809,668.8194,0.26997,0.27742,0.30204,0.32797,0.34785
810,669.6494,0.27001,0.27755,0.3022,0.32806,0.34788
811,670.4794,0.27005,0.27769,0.30236,0.32816,0.34791
812,671.2994,0.27009,0.27782,0.30252,0.32826,0.34794
813,672.1294,0.27013,0.27795,0.30268,0.32836,0.34796
814,672.9594,0.27017,0.27808,0.30284,0.32846,0.34799
815,673.7794,0.27021,0.27822,0.303,0.32855,0.34802
816,674.6094,0.27025,0.27835,0.30317,0.32865,0.34805
817,675.4394,0.27031,0.27851,0.30334,0.32876,0.34807
818,676.2694,0.27037,0.27866,0.30351,0.32886,0.3481
819,677.0894,0.27042,0.27882,0.30369,0.32896,0.34813
820,677.9194,0.27048,0.27898,0.30386,0.32907,0.34816
821,678.7494,0.27054,0.27914,0.30404,0.32917,0.34819
822,679.5694,0.2706,0.27929,0.30422,0.32928,0.34822
823,680.3994,0.27066,0.27945,0.30439,0.32938,0.34825
824,681.2294,0.27072,0.27962,0.30457,0.32948,0.34828
825,682.0494,0.27079,0.27979,0.30475,0.32959,0.34831
826,682.8794,0.27086,0.27996,0.30493,0.32969,0.34834
827,683.7094,0.27092,0.28013,0.30511,0.3298,0.34837
828,684.5294,0.27099,0.2803,0.30529,0.3299,0.34839
829,685.3594,0.27106,0.28047,0.30546,0.33001,0.34842
830,686.1894,0.27113,0.28063,0.30564,0.33011,0.34845
831,687.0094,0.27119,0.2808,0.30582,0.33021,0.34848
832,687.8394,0.27126,0.28097,0.306,0.33032,0.34851
833,688.6694,0.27133,0.28114,0.30618,0.33042,0.34854
834,689.4894,0.2714,0.28132,0.30637,0.33053,0.34857
835,690.3194,0.27148,0.28149,0.30655,0.33064,0.3486
836,691.1494,0.27158,0.28169,0.30674,0.33075,0.34863
837,691.9694,0.27168,0.2819,0.30694,0.33086,0.34866
838,692.7994,0.27179,0.28211,0.30714,0.33097,0.34869
839,693.6294,0.27189,0.28231,0.30734,0.33109,0.34872
840,694.4494,0.272,0.28252,0.30754,0.3312,0.34875
841,695.2794,0.2721,0.28273,0.30774,0.33131,0.34878
842,696.1094,0.27221,0.28294,0.30794,0.33142,0.34881
843,696.9294,0.27232,0.28314,0.30814,0.33153,0.34884
844,697.7594,0.27242,0.28335,0.30833,0.33165,0.34888
845,698.5894,0.27253,0.28356,0.30853,0.33176,0.34891
846,699.4094,0.27263,0.28376,0.30873,0.33187,0.34894
847,700.2394,0.27274,0.28398,0.30893,0.33198,0.34897
848,701.0694,0.27287,0.2842,0.30914,0.3321,0.349
849,701.8894,0.27299,0.28443,0.30934,0.33221,0.34903
850,702.7194,0.27311,0.28465,0.30955,0.33233,0.34906
851,703.5494,0.27326,0.28489,0.30976,0.33245,0.34909
852,704.3694,0.27343,0.28515,0.30999,0.33257,0.34913
853,705.1994,0.27359,0.28541,0.31021,0.33269,0.34916
854,706.0294,0.27376,0.28567,0.31043,0.33281,0.34919
855,706.8494,0.27393,0.28593,0.31066,0.33294,0.34923
856,707.6794,0.27409,0.28619,0.31088,0.33306,0.34926
857,708.5094,0.27426,0.28645,0.3111,0.33318,0.34929
858,709.3294,0.27443,0.28671,0.31133,0.3333,0.34933
859,710.1594,0.27459,0.28697,0.31155,0.33342,0.34936
860,710.9894,0.27476,0.28723,0.31177,0.33355,0.34939
861,711.8094,0.27493,0.28749,0.312,0.33367,0.34943
862,712.6394,0.27509,0.28775,0.31222,0.33379,0.34946
863,713.4694,0.27526,0.28801,0.31244,0.33391,0.34949
864,714.2894,0.27543,0.28827,0.31267,0.33403,0.34953
865,715.1194,0.27559,0.28853,0.31289,0.33416,0.34956
866,715.9494,0.27577,0.2888,0.31312,0.33428,0.34959
867,716.7694,0.27597,0.28908,0.31335,0.3344,0.34963
868,717.5994,0.27616,0.28936,0.31357,0.33453,0.34966
869,718.4294,0.27635,0.28964,0.3138,0.33465,0.34969
870,719.2494,0.27654,0.28992,0.31403,0.33477,0.34973
871,720.0794,0.27678,0.29023,0.31427,0.3349,0.34976
872,720.9094,0.27703,0.29054,0.31452,0.33503,0.3498
873,721.7394,0.27728,0.29086,0.31476,0.33516,0.34983
874,722.5594,0.27754,0.29118,0.31501,0.33529,0.34987
875,723.3894,0.27779,0.2915,0.31526,0.33542,0.3499
876,724.2194,0.27804,0.29182,0.3155,0.33555,0.34994
877,725.0394,0.2783,0.29214,0.31575,0.33568,0.34997
878,725.8694,0.27855,0.29246,0.316,0.33581,0.35001
879,726.6994,0.27879,0.29277,0.31624,0.33594,0.35004
880,727.5194,0.27904,0.29309,0.31649,0.33607,0.35008
881,728.3494,0.2793,0.29341,0.31673,0.3362,0.35011
882,729.1794,0.27957,0.29374,0.31699,0.33633,0.35015
883,729.9994,0.27985,0.29408,0.31724,0.33646,0.35018
884,730.8294,0.28016,0.29443,0.3175,0.3366,0.35022
885,731.6594,0.28048,0.29479,0.31777,0.33674,0.35026
886,732.4794,0.2808,0.29516,0.31803,0.33688,0.35029
887,733.3094,0.28113,0.29553,0.3183,0.33701,0.35033
888,734.1394,0.28146,0.29589,0.31856,0.33715,0.35037
889,734.9594,0.28179,0.29626,0.31883,0.33729,0.3504
890,735.7894,0.28212,0.29663,0.3191,0.33743,0.35044
891,736.6194,0.28245,0.29699,0.31936,0.33756,0.35048
892,737.4394,0.28277,0.29736,0.31963,0.3377,0.35051
893,738.2694,0.2831,0.29773,0.31989,0.33784,0.35055
894,739.0994,0.28343,0.2981,0.32016,0.33798,0.35059
895,739.9194,0.28376,0.29846,0.32042,0.33811,0.35062
896,740.7494,0.28409,0.29883,0.32069,0.33825,0.35066
897,741.5794,0.28442,0.2992,0.32096,0.33839,0.3507
898,742.3994,0.28477,0.29957,0.32122,0.33853,0.35073
899,743.2294,0.28514,0.29996,0.3215,0.33867,0.35077
900,744.0594,0.28554,0.30037,0.32178,0.33881,0.35081
901,744.8794,0.28604,0.30083,0.32208,0.33896,0.35085
902,745.7094,0.28654,0.30129,0.32238,0.33911,0.35089
903,746.5394,0.28704,0.30175,0.32268,0.33926,0.35093
904,747.3594,0.28753,0.3022,0.32298,0.33941,0.35097
905,748.1894,0.288,0.30264,0.32328,0.33956,0.35101
906,749.0194,0.28847,0.30309,0.32357,0.33971,0.35105
907,749.8394,0.28893,0.30353,0.32387,0.33986,0.35109
908,750.6694,0.2894,0.30397,0.32416,0.34001,0.35112
909,751.4994,0.28986,0.30441,0.32446,0.34015,0.35116
910,752.3194,0.29033,0.30485,0.32475,0.3403,0.3512
911,753.1494,0.2908,0.30529,0.32505,0.34045,0.35124
912,753.9794,0.29126,0.30573,0.32534,0.3406,0.35128
913,754.7994,0.29173,0.30617,0.32564,0.34075,0.35132
914,755.6294,0.2922,0.30661,0.32593,0.3409,0.35136
915,756.4594,0.29266,0.30705,0.32623,0.34105,0.3514
916,757.2794,0.29313,0.3075,0.32652,0.3412,0.35144
917,758.1094,0.29361,0.30794,0.32682,0.34135,0.35148
918,758.9394,0.29414,0.30842,0.32712,0.3415,0.35152
919,759.7594,0.2947,0.30891,0.32744,0.34165,0.35156
920,760.5894,0.29531,0.30942,0.32776,0.34181,0.3516
921,761.4194,0.29591,0.30993,0.32809,0.34197,0.35164
922,762.2394,0.29651,0.31044,0.32841,0.34213,0.35168
923,763.0694,0.29711,0.31095,0.32873,0.34229,0.35173
924,763.8994,0.29772,0.31146,0.32906,0.34245,0.35177
925,764.7294,0.29832,0.31198,0.32938,0.34262,0.35181
926,765.5494,0.29892,0.31249,0.32971,0.34278,0.35185
927,766.3794,0.29953,0.313,0.33003,0.34294,0.35189
928,767.2094,0.30012,0.31351,0.33036,0.3431,0.35194
929,768.0294,0.30071,0.31402,0.33068,0.34326,0.35198
930,768.8594,0.30131,0.31452,0.331,0.34342,0.35202
931,769.6894,0.3019,0.31503,0.33132,0.34358,0.35206
932,770.5094,0.3025,0.31554,0.33165,0.34374,0.3521
933,771.3394,0.30314,0.31608,0.33198,0.3439,0.35215
934,772.1694,0.30379,0.31661,0.33231,0.34406,0.35219
935,772.9894,0.30443,0.31714,0.33264,0.34422,0.35223
936,773.8194,0.30507,0.31767,0.33296,0.34438,0.35227
937,774.6494,0.30572,0.31821,0.33329,0.34455,0.35232
938,775.4694,0.30636,0.31874,0.33362,0.34471,0.35236
939,776.2994,0.30702,0.31928,0.33396,0.34487,0.3524
940,777.1294,0.30772,0.31984,0.3343,0.34504,0.35244
941,777.9494,0.30843,0.32041,0.33465,0.34521,0.35249
942,778.7794,0.30917,0.32099,0.335,0.34538,0.35253
943,779.6094,0.30997,0.3216,0.33537,0.34556,0.35258
944,780.4294,0.31078,0.32222,0.33574,0.34574,0.35263
945,781.2594,0.31158,0.32284,0.33611,0.34592,0.35267
946,782.0894,0.31239,0.32345,0.33647,0.34609,0.35272
947,782.9094,0.31319,0.32407,0.33684,0.34627,0.35276
948,783.7394,0.314,0.32469,0.33721,0.34645,0.35281
949,784.5694,0.3148,0.3253,0.33757,0.34663,0.35285
950,785.3894,0.31561,0.32592,0.33794,0.3468,0.3529
951,786.2194,0.31642,0.32654,0.33831,0.34698,0.35295
952,787.0494,0.31722,0.32715,0.33868,0.34716,0.35299
953,787.8694,0.31803,0.32777,0.33904,0.34734,0.35304
954,788.6994,0.31883,0.32839,0.33941,0.34751,0.35308
955,789.5294,0.31964,0.329,0.33978,0.34769,0.35313
956,790.3494,0.32044,0.32962,0.34014,0.34787,0.35318
957,791.1794,0.32125,0.33024,0.34051,0.34805,0.35322
958,792.0094,0.32205,0.33085,0.34088,0.34823,0.35327
959,792.8294,0.32287,0.33147,0.34125,0.3484,0.35331
960,793.6594,0.32371,0.3321,0.34162,0.34858,0.35336
961,794.4894,0.32455,0.33276,0.34201,0.34877,0.35341
962,795.3094,0.32541,0.33341,0.34239,0.34896,0.35346
963,796.1394,0.32627,0.33406,0.34278,0.34915,0.3535
964,796.9694,0.32714,0.33472,0.34317,0.34933,0.35355
965,797.7894,0.32803,0.33538,0.34356,0.34952,0.3536
966,798.6194,0.32899,0.33609,0.34397,0.34972,0.35365
967,799.4494,0.32995,0.33679,0.34438,0.34991,0.3537
968,800.2694,0.33091,0.33749,0.34479,0.35011,0.35375
969,801.0994,0.33188,0.33819,0.3452,0.35031,0.3538
970,801.9294,0.33284,0.33889,0.34561,0.3505,0.35385
971,802.7494,0.3338,0.33959,0.34602,0.3507,0.3539
972,803.5794,0.33477,0.34029,0.34642,0.35089,0.35395
973,804.4094,0.33573,0.34099,0.34683,0.35109,0.354
974,805.2294,0.33669,0.34169,0.34724,0.35128,0.35405
975,806.0594,0.33766,0.34239,0.34765,0.35148,0.3541
976,806.8894,0.33862,0.34309,0.34806,0.35168,0.35415
977,807.7094,0.33958,0.34379,0.34846,0.35187,0.3542
978,808.5394,0.34055,0.34449,0.34887,0.35207,0.35425
979,809.3694,0.3415,0.34518,0.34927,0.35226,0.3543
980,810.1994,0.34245,0.34587,0.34968,0.35245,0.35435
981,811.0194,0.3434,0.34656,0.35008,0.35265,0.3544
982,811.8494,0.34435,0.34725,0.35048,0.35284,0.35445
983,812.6794,0.3453,0.34794,0.35089,0.35303,0.3545
984,813.4994,0.34625,0.34864,0.35129,0.35322,0.35455
985,814.3294,0.3472,0.34933,0.35169,0.35342,0.3546
986,815.1594,0.34815,0.35002,0.3521,0.35361,0.35465
987,815.9794,0.3491,0.35071,0.3525,0.3538,0.3547
988,816.8094,0.35005,0.35139,0.35289,0.35399,0.35474
989,817.6394,0.351,0.35207,0.35329,0.35418,0.35479
990,818.4594,0.35194,0.35276,0.35369,0.35437,0.35484
991,819.2894,0.3529,0.35345,0.3541,0.35457,0.35489
