Distance,FeMg_1yr,FeMg_2yr,FeMg_5yr,FeMg_10yr,FeMg_20yr
0,0.3529,0.35493,0.35497,0.35499,0.355
0.8267,0.35194,0.35471,0.35488,0.35496,0.35499
1.6534,0.351,0.35449,0.3548,0.35492,0.35498
2.4801,0.35005,0.35427,0.35471,0.35489,0.35498
3.3064,0.3491,0.35405,0.35462,0.35486,0.35497
4.1334,0.34815,0.35383,0.35453,0.35483,0.35496
4.9604,0.3472,0.3536,0.35444,0.35479,0.35495
5.7874,0.34625,0.35335,0.35434,0.35475,0.35494
6.6134,0.3453,0.3531,0.35423,0.35471,0.35493
7.4404,0.34435,0.35286,0.35412,0.35467,0.35492
8.2674,0.3434,0.35261,0.35402,0.35463,0.35492
9.0944,0.34245,0.35236,0.35391,0.35458,0.35491
9.9204,0.3415,0.35211,0.35381,0.35454,0.3549
10.7474,0.34055,0.35186,0.3537,0.3545,0.35489
11.5744,0.33958,0.35162,0.35359,0.35446,0.35488
12.4004,0.33862,0.35138,0.3535,0.35442,0.35487
13.2274,0.33766,0.35114,0.3534,0.35439,0.35486
14.0544,0.33669,0.35091,0.3533,0.35435,0.35485
14.8814,0.33573,0.35067,0.3532,0.35431,0.35484
15.7074,0.33477,0.35044,0.3531,0.35427,0.35483
16.5344,0.3338,0.3502,0.35301,0.35424,0.35483
17.3614,0.33284,0.34996,0.35291,0.3542,0.35482
18.1884,0.33188,0.34973,0.35281,0.35416,0.35481
19.0144,0.33091,0.34949,0.35271,0.35412,0.3548
19.8414,0.32995,0.34925,0.35261,0.35408,0.35479
20.6684,0.32899,0.34902,0.35251,0.35405,0.35478
21.4954,0.32803,0.34878,0.35242,0.35401,0.35477
22.3214,0.32714,0.34853,0.35231,0.35397,0.35476
23.1484,0.32627,0.34827,0.35219,0.35392,0.35475
23.9754,0.32541,0.34801,0.35208,0.35388,0.35474
24.8014,0.32455,0.34775,0.35197,0.35383,0.35473
25.6284,0.32371,0.3475,0.35186,0.35379,0.35472
26.4554,0.32287,0.34724,0.35174,0.35374,0.35471
27.2824,0.32205,0.34695,0.35161,0.35369,0.3547
28.1084,0.32125,0.34665,0.35146,0.35363,0.35469
28.9354,0.32044,0.34634,0.35132,0.35357,0.35467
29.7624,0.31964,0.34604,0.35118,0.35351,0.35466
30.5894,0.31883,0.34574,0.35103,0.35346,0.35465
31.4154,0.31803,0.34544,0.35089,0.3534,0.35463
32.2424,0.31722,0.34514,0.35075,0.35334,0.35462
33.0694,0.31642,0.34484,0.3506,0.35328,0.3546
33.8954,0.31561,0.34454,0.35046,0.35322,0.35459
34.7224,0.3148,0.34423,0.35032,0.35317,0.35458
35.5494,0.314,0.34393,0.35018,0.35311,0.35456
36.3764,0.31319,0.34363,0.35003,0.35305,0.35455
37.2024,0.31239,0.34333,0.34989,0.35299,0.35454
38.0294,0.31158,0.34303,0.34975,0.35293,0.35452
38.8564,0.31078,0.34273,0.3496,0.35288,0.35451
39.6834,0.30997,0.34243,0.34946,0.35282,0.3545
40.5094,0.30917,0.34212,0.34932,0.35276,0.35448
41.3364,0.30843,0.34182,0.34917,0.3527,0.35447
42.1634,0.30772,0.34152,0.34903,0.35264,0.35446
42.9894,0.30702,0.34122,0.34889,0.35259,0.35444
43.8164,0.30636,0.34092,0.34875,0.35253,0.35443
44.6434,0.30572,0.34062,0.3486,0.35247,0.35442
45.4704,0.30507,0.34032,0.34846,0.35241,0.3544
46.2964,0.30443,0.34003,0.34833,0.35236,0.35439
47.1234,0.30379,0.33974,0.34819,0.3523,0.35438
47.9504,0.30314,0.33944,0.34805,0.35225,0.35436
48.7774,0.3025,0.33912,0.34789,0.35218,0.35435
49.6034,0.3019,0.33877,0.34772,0.35211,0.35433
50.4304,0.30131,0.33843,0.34754,0.35204,0.35431
51.2574,0.30071,0.33808,0.34737,0.35196,0.3543
52.0844,0.30012,0.33773,0.34719,0.35189,0.35428
52.9104,0.29953,0.33739,0.34701,0.35181,0.35426
53.7374,0.29892,0.33704,0.34683,0.35174,0.35424
54.5644,0.29832,0.33669,0.34665,0.35166,0.35422
55.3904,0.29772,0.33634,0.34647,0.35158,0.35421
56.2174,0.29711,0.336,0.34629,0.35151,0.35419
57.0444,0.29651,0.33565,0.34611,0.35143,0.35417
57.8714,0.29591,0.3353,0.34593,0.35136,0.35415
58.6974,0.29531,0.33496,0.34575,0.35128,0.35414
59.5244,0.2947,0.33461,0.34557,0.35121,0.35412
60.3514,0.29414,0.33427,0.34539,0.35113,0.3541
61.1784,0.29361,0.33391,0.34521,0.35106,0.35408
62.0044,0.29313,0.33354,0.34501,0.35097,0.35406
62.8314,0.29266,0.33316,0.3448,0.35088,0.35404
63.6584,0.2922,0.33279,0.34459,0.35079,0.35402
64.4844,0.29173,0.33242,0.34439,0.35071,0.354
65.3114,0.29126,0.33204,0.34419,0.35062,0.35398
66.1384,0.2908,0.33167,0.34399,0.35054,0.35396
66.9654,0.29033,0.3313,0.34379,0.35045,0.35394
67.7914,0.28986,0.33093,0.34359,0.35037,0.35392
68.6184,0.2894,0.33056,0.34339,0.35028,0.3539
69.4454,0.28893,0.33019,0.34319,0.3502,0.35388
70.2724,0.28847,0.32982,0.34299,0.35011,0.35386
71.0984,0.288,0.32945,0.34279,0.35002,0.35384
71.9254,0.28753,0.32908,0.34259,0.34994,0.35382
72.7524,0.28704,0.32871,0.34239,0.34985,0.3538
73.5784,0.28654,0.32834,0.34219,0.34977,0.35378
74.4054,0.28604,0.32797,0.34199,0.34968,0.35376
75.2324,0.28554,0.3276,0.34179,0.3496,0.35374
76.0594,0.28514,0.32723,0.34159,0.34951,0.35372
76.8854,0.28477,0.32686,0.34139,0.34942,0.3537
77.7124,0.28442,0.32649,0.34117,0.34933,0.35367
78.5394,0.28409,0.32612,0.34096,0.34923,0.35365
79.3664,0.28376,0.32575,0.34074,0.34914,0.35363
80.1924,0.28343,0.32533,0.3405,0.34903,0.3536
81.0194,0.2831,0.32492,0.34027,0.34893,0.35358
81.8464,0.28277,0.3245,0.34003,0.34883,0.35355
82.6724,0.28245,0.32408,0.33979,0.34873,0.35353
83.4994,0.28212,0.32367,0.33956,0.34863,0.3535
84.3264,0.28179,0.32325,0.33932,0.34852,0.35348
85.1534,0.28146,0.32283,0.33909,0.34842,0.35346
85.9794,0.28113,0.32242,0.33885,0.34832,0.35343
86.8064,0.2808,0.322,0.33862,0.34822,0.35341
87.6334,0.28048,0.32158,0.33838,0.34811,0.35338
88.4604,0.28016,0.32117,0.33815,0.34801,0.35336
89.2864,0.27985,0.32076,0.33792,0.34791,0.35333
90.1134,0.27957,0.32035,0.33769,0.34781,0.35331
90.9404,0.2793,0.31993,0.33745,0.34771,0.35329
91.7674,0.27904,0.31953,0.33722,0.34761,0.35326
92.5894,0.27879,0.31914,0.337,0.34751,0.35324
93.4194,0.27855,0.31876,0.33677,0.34741,0.35322
94.2494,0.2783,0.31837,0.33653,0.3473,0.35319
95.0694,0.27804,0.31796,0.33628,0.34719,0.35316
95.8994,0.27779,0.31756,0.33604,0.34708,0.35314
96.7294,0.27754,0.31715,0.33579,0.34697,0.35311
97.5494,0.27728,0.31676,0.33554,0.34686,0.35308
98.3794,0.27703,0.31636,0.3353,0.34675,0.35305
99.2094,0.27678,0.31596,0.33505,0.34663,0.35303
100.0294,0.27654,0.31555,0.3348,0.34652,0.353
100.8594,0.27635,0.31515,0.33455,0.3464,0.35297
101.6894,0.27616,0.31474,0.3343,0.34629,0.35294
102.5094,0.27597,0.31434,0.33404,0.34618,0.35292
103.3394,0.27577,0.31394,0.33379,0.34606,0.35289
104.1694,0.27559,0.31353,0.33354,0.34595,0.35286
104.9994,0.27543,0.31313,0.33329,0.34584,0.35283
105.8194,0.27526,0.31272,0.33304,0.34572,0.35281
106.6494,0.27509,0.31232,0.33279,0.34561,0.35278
107.4794,0.27493,0.31192,0.33254,0.3455,0.35275
108.2994,0.27476,0.31151,0.33229,0.34538,0.35272
109.1294,0.27459,0.31111,0.33204,0.34527,0.3527
109.9594,0.27443,0.3107,0.33179,0.34515,0.35267
110.7794,0.27426,0.3103,0.33154,0.34504,0.35264
111.6094,0.27409,0.3099,0.33129,0.34493,0.35261
112.4394,0.27393,0.30949,0.33104,0.34481,0.35259
113.2594,0.27376,0.30908,0.33079,0.3447,0.35256
114.0894,0.27359,0.30868,0.33053,0.34459,0.35253
114.9194,0.27343,0.30827,0.33028,0.34447,0.3525
115.7394,0.27326,0.30786,0.33003,0.34436,0.35248
116.5694,0.27311,0.30747,0.32978,0.34424,0.35245
117.3994,0.27299,0.30709,0.32953,0.34413,0.35242
118.2194,0.27287,0.30671,0.32928,0.34401,0.35239
119.0494,0.27274,0.30633,0.32903,0.3439,0.35236
119.8794,0.27263,0.30595,0.32878,0.34378,0.35233
120.6994,0.27253,0.30557,0.32853,0.34366,0.35231
121.5294,0.27242,0.30519,0.32827,0.34355,0.35228
122.3594,0.27232,0.30482,0.32802,0.34343,0.35225
123.1794,0.27221,0.30445,0.32777,0.34331,0.35222
124.0094,0.2721,0.30408,0.32752,0.34319,0.35219
124.8394,0.272,0.30372,0.32727,0.34307,0.35216
125.6594,0.27189,0.30335,0.32702,0.34296,0.35213
126.4894,0.27179,0.30298,0.32677,0.34284,0.3521
127.3194,0.27168,0.30261,0.32652,0.34272,0.35208
128.1394,0.27158,0.30224,0.32627,0.3426,0.35205
128.9694,0.27148,0.30187,0.32602,0.34248,0.35202
129.7994,0.2714,0.3015,0.32577,0.34237,0.35199
130.6194,0.27133,0.30117,0.32553,0.34225,0.35196
131.4494,0.27126,0.30085,0.32529,0.34213,0.35193
132.2794,0.27119,0.30053,0.32505,0.34202,0.3519
133.0994,0.27113,0.3002,0.32482,0.3419,0.35187
133.9294,0.27106,0.29988,0.32458,0.34179,0.35184
134.7594,0.27099,0.29955,0.32434,0.34167,0.35182
135.5794,0.27092,0.29923,0.3241,0.34156,0.35179
136.4094,0.27086,0.29891,0.32386,0.34144,0.35176
137.2394,0.27079,0.29856,0.32362,0.34132,0.35173
138.0594,0.27072,0.29822,0.32337,0.3412,0.3517
138.8894,0.27066,0.29787,0.32312,0.34109,0.35167
139.7194,0.2706,0.29752,0.32288,0.34097,0.35164
140.5394,0.27054,0.29718,0.32263,0.34085,0.35161
141.3694,0.27048,0.29683,0.32238,0.34073,0.35158
142.1994,0.27042,0.29648,0.32214,0.34061,0.35155
143.0194,0.27037,0.29614,0.32189,0.34049,0.35152
143.8494,0.27031,0.29579,0.32164,0.34038,0.3515
144.6794,0.27025,0.29545,0.3214,0.34026,0.35147
145.4994,0.27021,0.2951,0.32115,0.34014,0.35144
146.3294,0.27017,0.29477,0.32091,0.34002,0.35141
147.1594,0.27013,0.29449,0.32068,0.3399,0.35138
147.9894,0.27009,0.2942,0.32045,0.33979,0.35135
148.8094,0.27005,0.29391,0.32022,0.33967,0.35132
149.6394,0.27001,0.29362,0.31999,0.33956,0.35129
150.4694,0.26997,0.29333,0.31976,0.33944,0.35126
151.2894,0.26993,0.29304,0.31953,0.33932,0.35123
152.1194,0.26989,0.29275,0.3193,0.33921,0.3512
152.9494,0.26986,0.29246,0.31907,0.33909,0.35117
153.7694,0.26982,0.29217,0.31884,0.33898,0.35115
154.5994,0.26978,0.29188,0.31861,0.33886,0.35112
155.4294,0.26976,0.2916,0.31838,0.33874,0.35109
156.2494,0.26974,0.29132,0.31815,0.33863,0.35106
157.0794,0.26972,0.29104,0.31792,0.33851,0.35103
157.9094,0.2697,0.29076,0.3177,0.3384,0.351
158.7294,0.26968,0.29049,0.31747,0.33828,0.35097
159.5594,0.26966,0.29021,0.31724,0.33817,0.35094
160.3894,0.26963,0.28993,0.31702,0.33805,0.35091
161.2094,0.26961,0.28965,0.31679,0.33793,0.35088
162.0394,0.26959,0.28941,0.31657,0.33782,0.35085
162.8694,0.26957,0.28917,0.31636,0.33771,0.35083
163.6894,0.26955,0.28893,0.31614,0.3376,0.3508
164.5194,0.26953,0.28869,0.31593,0.33748,0.35077
165.3494,0.26951,0.28845,0.31572,0.33737,0.35074
166.1694,0.26949,0.28821,0.3155,0.33726,0.35071
166.9994,0.26947,0.28797,0.31529,0.33715,0.35068
167.8294,0.26945,0.28773,0.31508,0.33703,0.35065
168.6494,0.26943,0.28748,0.31486,0.33692,0.35062
169.4794,0.26941,0.28724,0.31465,0.33681,0.3506
170.3094,0.26939,0.287,0.31444,0.3367,0.35057
171.1294,0.26938,0.28676,0.31422,0.33658,0.35054
171.9594,0.26937,0.28652,0.31401,0.33647,0.35051
172.7894,0.26936,0.28628,0.3138,0.33636,0.35048
173.6094,0.26934,0.28604,0.31358,0.33625,0.35045
174.4394,0.26933,0.28581,0.31337,0.33613,0.35042
175.2694,0.26932,0.2856,0.31317,0.33602,0.35039
176.0894,0.2693,0.28539,0.31297,0.33591,0.35037
176.9194,0.26929,0.28518,0.31277,0.3358,0.35034
177.7494,0.26928,0.28497,0.31256,0.33569,0.35031
178.5694,0.26927,0.28476,0.31236,0.33558,0.35028
179.3994,0.26927,0.28455,0.31216,0.33548,0.35025
180.2294,0.26926,0.28435,0.31196,0.33537,0.35022
181.0494,0.26925,0.28414,0.31176,0.33526,0.3502
181.8794,0.26924,0.28394,0.31156,0.33515,0.35017
182.7094,0.26924,0.28374,0.31136,0.33504,0.35014
183.5294,0.26923,0.28353,0.31117,0.33493,0.35011
184.3594,0.26922,0.28333,0.31097,0.33482,0.35008
185.1894,0.26921,0.28312,0.31077,0.33472,0.35006
186.0094,0.26921,0.28292,0.31057,0.33461,0.35003
186.8394,0.2692,0.28271,0.31037,0.3345,0.35
187.6694,0.26919,0.28253,0.31018,0.33439,0.34997
188.4894,0.26918,0.28237,0.31,0.33429,0.34995
189.3194,0.26918,0.2822,0.30982,0.33418,0.34992
190.1494,0.26917,0.28204,0.30963,0.33408,0.34989
190.9794,0.26917,0.28187,0.30945,0.33398,0.34986
191.7994,0.26916,0.2817,0.30927,0.33387,0.34984
192.6294,0.26916,0.28154,0.30909,0.33377,0.34981
193.4594,0.26915,0.28137,0.3089,0.33366,0.34978
194.2794,0.26915,0.28121,0.30872,0.33356,0.34975
195.1094,0.26915,0.28104,0.30854,0.33346,0.34973
195.9394,0.26914,0.28088,0.30836,0.33335,0.3497
196.7594,0.26914,0.28071,0.30818,0.33325,0.34967
197.5894,0.26914,0.28054,0.30799,0.33314,0.34964
198.4194,0.26913,0.28038,0.30781,0.33304,0.34962
199.2394,0.26913,0.28022,0.30763,0.33294,0.34959
200.0694,0.26913,0.28005,0.30745,0.33283,0.34956
200.8994,0.26913,0.2799,0.30728,0.33273,0.34953
201.7194,0.26912,0.27974,0.3071,0.33263,0.34951
202.5494,0.26912,0.2796,0.30693,0.33252,0.34948
203.3794,0.26912,0.27947,0.30676,0.33242,0.34945
204.1994,0.26911,0.27934,0.3066,0.33232,0.34943
205.0294,0.26911,0.27921,0.30643,0.33222,0.3494
205.8594,0.26911,0.27908,0.30627,0.33212,0.34937
206.6794,0.26911,0.27894,0.3061,0.33203,0.34935
207.5094,0.2691,0.27881,0.30594,0.33193,0.34932
208.3394,0.2691,0.27868,0.30577,0.33183,0.34929
209.1594,0.2691,0.27855,0.30561,0.33173,0.34927
209.9894,0.2691,0.27842,0.30544,0.33163,0.34924
210.8194,0.2691,0.27829,0.30528,0.33153,0.34921
211.6394,0.2691,0.27816,0.30511,0.33143,0.34919
212.4694,0.2691,0.27803,0.30495,0.33133,0.34916
213.2994,0.26909,0.2779,0.30478,0.33123,0.34913
214.1194,0.26909,0.27778,0.30462,0.33114,0.34911
214.9494,0.26909,0.27767,0.30447,0.33104,0.34908
215.7794,0.26909,0.27756,0.30432,0.33094,0.34906
216.5994,0.26909,0.27745,0.30416,0.33085,0.34903
217.4294,0.26909,0.27734,0.30401,0.33075,0.349
218.2594,0.26909,0.27724,0.30386,0.33065,0.34898
219.0794,0.26909,0.27713,0.3037,0.33056,0.34895
219.9094,0.26909,0.27701,0.30355,0.33046,0.34893
220.7394,0.26908,0.27689,0.30339,0.33037,0.3489
221.5594,0.26908,0.27677,0.30324,0.33027,0.34887
222.3894,0.26908,0.27667,0.30308,0.33018,0.34885
223.2194,0.26908,0.27656,0.30294,0.33008,0.34882
224.0394,0.26908,0.27647,0.3028,0.32999,0.3488
224.8694,0.26908,0.27639,0.30266,0.3299,0.34877
225.6994,0.26908,0.2763,0.30252,0.32981,0.34875
226.5194,0.26908,0.27621,0.30238,0.32972,0.34872
227.3494,0.26908,0.27612,0.30224,0.32963,0.3487
228.1794,0.26908,0.27603,0.30209,0.32954,0.34867
228.9994,0.26908,0.27594,0.30195,0.32944,0.34865
229.8294,0.26908,0.27585,0.30182,0.32935,0.34862
230.6594,0.26908,0.27577,0.30168,0.32926,0.3486
231.4794,0.26908,0.27569,0.30154,0.32918,0.34857
232.3094,0.26908,0.2756,0.30141,0.32909,0.34855
233.1394,0.26908,0.27552,0.30127,0.329,0.34852
233.9594,0.26908,0.27544,0.30114,0.32891,0.3485
234.7894,0.26908,0.27536,0.301,0.32882,0.34847
235.6194,0.26908,0.27528,0.30087,0.32873,0.34845
236.4494,0.26908,0.27522,0.30075,0.32865,0.34843
237.2694,0.26907,0.27516,0.30063,0.32856,0.3484
238.0994,0.26907,0.27509,0.30051,0.32848,0.34838
238.9294,0.26907,0.27503,0.30039,0.32839,0.34836
239.7494,0.26907,0.27497,0.30027,0.32831,0.34833
240.5794,0.26907,0.27491,0.30015,0.32823,0.34831
241.4094,0.26907,0.27485,0.30004,0.32815,0.34829
242.2294,0.26907,0.27479,0.29992,0.32806,0.34826
243.0594,0.26907,0.27472,0.2998,0.32798,0.34824
243.8894,0.26907,0.27466,0.29968,0.3279,0.34822
244.7094,0.26907,0.27459,0.29955,0.32781,0.34819
245.5394,0.26907,0.27453,0.29943,0.32773,0.34817
246.3694,0.26907,0.27446,0.29931,0.32764,0.34815
247.1894,0.26907,0.27439,0.29919,0.32756,0.34812
248.0194,0.26907,0.27433,0.29907,0.32748,0.3481
248.8494,0.26907,0.27426,0.29895,0.32739,0.34808
249.6694,0.26907,0.27421,0.29883,0.32731,0.34805
250.4994,0.26907,0.27416,0.29872,0.32723,0.34803
251.3294,0.26907,0.27411,0.29861,0.32716,0.34801
252.1494,0.26907,0.27405,0.2985,0.32708,0.34799
252.9794,0.26907,0.274,0.29839,0.327,0.34796
253.8094,0.26907,0.27396,0.29828,0.32692,0.34794
254.6294,0.26907,0.27391,0.29818,0.32684,0.34792
255.4594,0.26907,0.27386,0.29807,0.32676,0.3479
256.2894,0.26907,0.27382,0.29796,0.32668,0.34787
257.1094,0.26907,0.27377,0.29785,0.3266,0.34785
257.9394,0.26907,0.27373,0.29775,0.32653,0.34783
258.7694,0.26907,0.27369,0.29765,0.32645,0.34781
259.5894,0.26907,0.27365,0.29755,0.32638,0.34779
260.4194,0.26907,0.27362,0.29746,0.3263,0.34776
261.2494,0.26907,0.27358,0.29737,0.32623,0.34774
262.0694,0.26907,0.27355,0.29727,0.32616,0.34772
262.8994,0.26907,0.27351,0.29718,0.32609,0.3477
263.7294,0.26907,0.27348,0.29708,0.32601,0.34768
264.5494,0.26907,0.27344,0.29699,0.32594,0.34766
265.3794,0.26907,0.27341,0.29689,0.32587,0.34764
266.2094,0.26907,0.27337,0.2968,0.32579,0.34762
267.0294,0.26907,0.27334,0.2967,0.32572,0.3476
267.8594,0.26907,0.27331,0.29661,0.32565,0.34757
268.6894,0.26907,0.27328,0.29652,0.32558,0.34755
269.5094,0.26907,0.27325,0.29643,0.32551,0.34753
270.3394,0.26907,0.27321,0.29634,0.32543,0.34751
271.1694,0.26907,0.27318,0.29625,0.32536,0.34749
271.9894,0.26907,0.27315,0.29616,0.32529,0.34747
272.8194,0.26907,0.27312,0.29607,0.32522,0.34745
273.6494,0.26908,0.27309,0.29598,0.32515,0.34743
274.4694,0.26908,0.27306,0.29589,0.32508,0.34741
275.2994,0.26908,0.27303,0.2958,0.32501,0.34739
276.1294,0.26908,0.27301,0.29572,0.32494,0.34737
276.9494,0.26908,0.27298,0.29564,0.32488,0.34735
277.7794,0.26908,0.27296,0.29555,0.32481,0.34733
278.6094,0.26908,0.27293,0.29547,0.32474,0.34731
279.4394,0.26907,0.27291,0.29539,0.32468,0.34729
280.2594,0.26907,0.27289,0.29532,0.32461,0.34727
281.0894,0.26908,0.27287,0.29524,0.32455,0.34725
281.9194,0.26908,0.27285,0.29517,0.32449,0.34723
282.7394,0.26908,0.27283,0.29509,0.32442,0.34721
283.5694,0.26908,0.27281,0.29502,0.32436,0.34719
284.3994,0.26908,0.2728,0.29495,0.3243,0.34717
285.2194,0.26908,0.27278,0.29487,0.32423,0.34715
286.0494,0.26908,0.27276,0.2948,0.32417,0.34714
286.8794,0.26908,0.27274,0.29473,0.32411,0.34712
287.6994,0.26908,0.27273,0.29465,0.32405,0.3471
288.5294,0.26908,0.27271,0.29458,0.32398,0.34708
289.3594,0.26908,0.2727,0.29451,0.32392,0.34706
290.1794,0.26908,0.27269,0.29444,0.32386,0.34704
291.0094,0.26908,0.27267,0.29438,0.3238,0.34702
291.8394,0.26908,0.27266,0.29431,0.32374,0.347
292.6594,0.26908,0.27264,0.29424,0.32368,0.34699
293.4894,0.26909,0.27263,0.29417,0.32362,0.34697
294.3194,0.26909,0.27261,0.2941,0.32356,0.34695
295.1394,0.26909,0.2726,0.29404,0.3235,0.34693
295.9694,0.26909,0.27259,0.29397,0.32344,0.34691
296.7994,0.26909,0.27258,0.29391,0.32338,0.3469
297.6194,0.26909,0.27257,0.29385,0.32332,0.34688
298.4494,0.26909,0.27255,0.29378,0.32327,0.34686
299.2794,0.26909,0.27254,0.29372,0.32321,0.34684
300.0994,0.26909,0.27253,0.29366,0.32315,0.34682
300.9294,0.26909,0.27252,0.29359,0.32309,0.34681
301.7594,0.26909,0.27251,0.29353,0.32304,0.34679
302.5794,0.26909,0.2725,0.29348,0.32298,0.34677
303.4094,0.26909,0.2725,0.29342,0.32293,0.34675
304.2394,0.26909,0.27249,0.29336,0.32287,0.34674
305.0594,0.26909,0.27248,0.29331,0.32282,0.34672
305.8894,0.26909,0.27247,0.29325,0.32276,0.3467
306.7194,0.26909,0.27246,0.2932,0.32271,0.34669
307.5394,0.2691,0.27246,0.29314,0.32266,0.34667
308.3694,0.2691,0.27245,0.29309,0.3226,0.34665
309.1994,0.2691,0.27244,0.29303,0.32255,0.34664
310.0194,0.2691,0.27244,0.29298,0.3225,0.34662
310.8494,0.2691,0.27243,0.29293,0.32245,0.3466
311.6794,0.2691,0.27242,0.29287,0.32239,0.34659
312.4994,0.2691,0.27242,0.29282,0.32234,0.34657
313.3294,0.2691,0.27241,0.29276,0.32229,0.34655
314.1594,0.2691,0.2724,0.29271,0.32223,0.34654
314.9794,0.2691,0.27239,0.29266,0.32218,0.34652
315.8094,0.2691,0.27239,0.2926,0.32213,0.3465
316.6394,0.2691,0.27238,0.29255,0.32208,0.34649
317.4594,0.2691,0.27238,0.29251,0.32203,0.34647
318.2894,0.26911,0.27238,0.29246,0.32198,0.34645
319.1194,0.26911,0.27237,0.29242,0.32193,0.34644
319.9394,0.26911,0.27237,0.29237,0.32189,0.34642
320.7694,0.26911,0.27237,0.29233,0.32184,0.34641
321.5994,0.26911,0.27237,0.29228,0.32179,0.34639
322.4194,0.26911,0.27236,0.29224,0.32174,0.34638
323.2494,0.26911,0.27236,0.2922,0.32169,0.34636
324.0794,0.26911,0.27236,0.29215,0.32165,0.34634
324.9094,0.26911,0.27235,0.2921,0.3216,0.34633
325.7294,0.26911,0.27235,0.29206,0.32155,0.34631
326.5594,0.26912,0.27235,0.29201,0.3215,0.3463
327.3894,0.26912,0.27235,0.29197,0.32145,0.34628
328.2094,0.26912,0.27234,0.29192,0.32141,0.34627
329.0394,0.26912,0.27235,0.29189,0.32136,0.34625
329.8694,0.26912,0.27235,0.29185,0.32132,0.34624
330.6894,0.26912,0.27234,0.29181,0.32128,0.34623
331.5194,0.26912,0.27234,0.29178,0.32124,0.34621
332.3494,0.26912,0.27234,0.29174,0.32119,0.3462
333.1694,0.26912,0.27234,0.2917,0.32115,0.34618
333.9994,0.26912,0.27234,0.29167,0.32111,0.34617
334.8294,0.26913,0.27234,0.29163,0.32107,0.34616
335.6494,0.26913,0.27234,0.29159,0.32102,0.34614
336.4794,0.26913,0.27234,0.29156,0.32098,0.34613
337.3094,0.26913,0.27234,0.29152,0.32094,0.34612
338.1294,0.26913,0.27234,0.29148,0.32089,0.3461
338.9594,0.26913,0.27234,0.29145,0.32085,0.34609
339.7894,0.26913,0.27234,0.29141,0.32081,0.34607
340.6094,0.26913,0.27234,0.29137,0.32077,0.34606
341.4394,0.26913,0.27234,0.29134,0.32072,0.34605
342.2694,0.26914,0.27234,0.2913,0.32068,0.34603
343.0894,0.26914,0.27234,0.29127,0.32064,0.34602
343.9194,0.26914,0.27234,0.29123,0.3206,0.34601
344.7494,0.26914,0.27234,0.2912,0.32056,0.346
345.5694,0.26914,0.27234,0.29117,0.32053,0.34598
346.3994,0.26914,0.27234,0.29114,0.32049,0.34597
347.2294,0.26914,0.27234,0.29111,0.32045,0.34596
348.0494,0.26914,0.27234,0.29108,0.32041,0.34595
348.8794,0.26914,0.27234,0.29105,0.32038,0.34593
349.7094,0.26915,0.27234,0.29102,0.32034,0.34592
350.5294,0.26915,0.27234,0.29099,0.3203,0.34591
351.3594,0.26915,0.27234,0.29096,0.32027,0.3459
352.1894,0.26915,0.27234,0.29093,0.32023,0.34588
353.0094,0.26915,0.27234,0.29091,0.32019,0.34587
353.8394,0.26915,0.27234,0.29088,0.32016,0.34586
354.6694,0.26916,0.27235,0.29085,0.32012,0.34585
355.4894,0.26916,0.27235,0.29082,0.32008,0.34583
356.3194,0.26916,0.27235,0.29079,0.32004,0.34582
357.1494,0.26916,0.27235,0.29076,0.32001,0.34581
357.9694,0.26916,0.27235,0.29073,0.31997,0.3458
358.7994,0.26916,0.27235,0.2907,0.31993,0.34578
359.6294,0.26917,0.27235,0.29068,0.3199,0.34577
360.4494,0.26917,0.27235,0.29065,0.31986,0.34576
361.2794,0.26917,0.27235,0.29063,0.31983,0.34575
362.1094,0.26917,0.27235,0.2906,0.31979,0.34573
362.9294,0.26917,0.27235,0.29058,0.31976,0.34572
363.7594,0.26917,0.27235,0.29055,0.31973,0.34571
364.5894,0.26918,0.27235,0.29052,0.31969,0.3457
365.4094,0.26918,0.27235,0.2905,0.31966,0.34568
366.2394,0.26918,0.27235,0.29047,0.31962,0.34567
367.0694,0.26918,0.27235,0.29045,0.31959,0.34566
367.8994,0.26918,0.27235,0.29042,0.31956,0.34565
368.7194,0.26918,0.27234,0.2904,0.31952,0.34564
369.5494,0.26919,0.27234,0.29037,0.31949,0.34563
370.3794,0.26919,0.27234,0.29035,0.31946,0.34561
371.1994,0.26919,0.27234,0.29032,0.31942,0.3456
372.0294,0.26919,0.27234,0.2903,0.31939,0.34559
372.8594,0.26919,0.27234,0.29027,0.31936,0.34558
373.6794,0.26919,0.27233,0.29025,0.31933,0.34557
374.5094,0.26919,0.27233,0.29023,0.31929,0.34556
375.3394,0.2692,0.27233,0.2902,0.31926,0.34554
376.1594,0.2692,0.27233,0.29018,0.31923,0.34553
376.9894,0.2692,0.27233,0.29016,0.3192,0.34552
377.8194,0.2692,0.27233,0.29014,0.31917,0.34551
378.6394,0.2692,0.27233,0.29012,0.31914,0.3455
379.4694,0.2692,0.27233,0.2901,0.31911,0.34549
380.2994,0.2692,0.27232,0.29007,0.31908,0.34548
381.1194,0.2692,0.27232,0.29005,0.31905,0.34547
381.9494,0.2692,0.27232,0.29003,0.31903,0.34546
382.7794,0.2692,0.27232,0.29001,0.319,0.34545
383.5994,0.2692,0.27232,0.28999,0.31897,0.34544
384.4294,0.2692,0.27232,0.28997,0.31894,0.34543
385.2594,0.2692,0.27232,0.28995,0.31891,0.34542
386.0794,0.2692,0.27232,0.28993,0.31888,0.34541
386.9094,0.26921,0.27232,0.28991,0.31886,0.3454
387.7394,0.26921,0.27232,0.2899,0.31883,0.34539
388.5594,0.26921,0.27232,0.28988,0.3188,0.34538
389.3894,0.26921,0.27232,0.28986,0.31878,0.34537
390.2194,0.26921,0.27232,0.28984,0.31875,0.34536
391.0394,0.26921,0.27231,0.28983,0.31873,0.34535
391.8694,0.26921,0.27231,0.28981,0.3187,0.34534
392.6994,0.26921,0.27231,0.28979,0.31868,0.34533
393.5194,0.26922,0.27231,0.28978,0.31865,0.34532
394.3494,0.26922,0.27231,0.28976,0.31863,0.34531
395.1794,0.26922,0.27231,0.28974,0.31861,0.3453
395.9994,0.26922,0.27231,0.28973,0.31858,0.34529
396.8294,0.26922,0.27231,0.28971,0.31856,0.34528
397.6594,0.26922,0.2723,0.28969,0.31853,0.34528
398.4794,0.26922,0.2723,0.28968,0.31851,0.34527
399.3094,0.26923,0.2723,0.28966,0.31849,0.34526
400.1394,0.26923,0.2723,0.28964,0.31846,0.34525
400.9594,0.26923,0.27229,0.28963,0.31844,0.34524
401.7894,0.26923,0.27229,0.28961,0.31842,0.34523
402.6194,0.26923,0.27229,0.2896,0.31839,0.34522
403.4394,0.26923,0.27229,0.28958,0.31837,0.34521
404.2694,0.26923,0.27228,0.28956,0.31834,0.3452
405.0994,0.26923,0.27228,0.28954,0.31832,0.34519
405.9194,0.26923,0.27227,0.28952,0.3183,0.34519
406.7494,0.26923,0.27227,0.28951,0.31827,0.34518
407.5794,0.26924,0.27226,0.28949,0.31825,0.34517
408.3994,0.26924,0.27226,0.28947,0.31823,0.34516
409.2294,0.26924,0.27225,0.28946,0.31821,0.34515
410.0594,0.26924,0.27225,0.28944,0.31819,0.34515
410.8794,0.26924,0.27224,0.28943,0.31817,0.34514
411.7094,0.26924,0.27224,0.28942,0.31815,0.34513
412.5394,0.26924,0.27224,0.2894,0.31813,0.34512
413.3694,0.26924,0.27223,0.28939,0.31811,0.34512
414.1894,0.26925,0.27223,0.28938,0.3181,0.34511
415.0194,0.26925,0.27223,0.28936,0.31808,0.3451
415.8494,0.26925,0.27222,0.28935,0.31806,0.34509
416.6694,0.26925,0.27222,0.28933,0.31804,0.34509
417.4994,0.26925,0.27222,0.28932,0.31802,0.34508
418.3294,0.26925,0.27221,0.28931,0.318,0.34507
419.1494,0.26925,0.27221,0.28929,0.31798,0.34506
419.9794,0.26925,0.2722,0.28928,0.31796,0.34506
420.8094,0.26925,0.2722,0.28926,0.31794,0.34505
421.6294,0.26925,0.2722,0.28925,0.31792,0.34504
422.4594,0.26926,0.27219,0.28924,0.31791,0.34504
423.2894,0.26926,0.27219,0.28923,0.31789,0.34503
424.1094,0.26926,0.27218,0.28921,0.31788,0.34502
424.9394,0.26926,0.27218,0.2892,0.31786,0.34502
425.7694,0.26926,0.27217,0.28919,0.31785,0.34501
426.5894,0.26926,0.27217,0.28918,0.31783,0.345
427.4194,0.26926,0.27216,0.28917,0.31782,0.345
428.2494,0.26926,0.27216,0.28916,0.3178,0.34499
429.0694,0.26926,0.27215,0.28914,0.31779,0.34499
429.8994,0.26926,0.27215,0.28913,0.31777,0.34498
430.7294,0.26926,0.27214,0.28912,0.31776,0.34497
431.5494,0.26926,0.27214,0.28911,0.31774,0.34497
432.3794,0.26926,0.27213,0.2891,0.31773,0.34496
433.2094,0.26926,0.27213,0.28909,0.31771,0.34496
434.0294,0.26926,0.27212,0.28907,0.3177,0.34495
434.8594,0.26926,0.27211,0.28906,0.31769,0.34495
435.6894,0.26926,0.27211,0.28905,0.31768,0.34494
436.5094,0.26926,0.2721,0.28904,0.31766,0.34494
437.3394,0.26926,0.2721,0.28903,0.31765,0.34493
438.1694,0.26926,0.27209,0.28902,0.31764,0.34493
438.9894,0.26926,0.27209,0.28901,0.31763,0.34492
439.8194,0.26926,0.27208,0.28901,0.31762,0.34492
440.6494,0.26926,0.27208,0.289,0.31761,0.34492
441.4694,0.26926,0.27208,0.28899,0.3176,0.34491
442.2994,0.26927,0.27207,0.28899,0.31759,0.34491
443.1294,0.26927,0.27207,0.28898,0.31758,0.34491
443.9494,0.26927,0.27207,0.28897,0.31757,0.3449
444.7794,0.26927,0.27206,0.28896,0.31757,0.3449
445.6094,0.26927,0.27205,0.28896,0.31756,0.34489
446.4294,0.26927,0.27205,0.28895,0.31755,0.34489
447.2594,0.26927,0.27204,0.28894,0.31754,0.34489
448.0894,0.26927,0.27204,0.28893,0.31753,0.34488
448.9094,0.26927,0.27203,0.28892,0.31752,0.34488
449.7394,0.26927,0.27203,0.28891,0.31751,0.34487
450.5694,0.26927,0.27202,0.28891,0.3175,0.34487
451.3894,0.26927,0.27201,0.2889,0.3175,0.34487
452.2194,0.26927,0.27201,0.28889,0.31749,0.34486
453.0494,0.26927,0.272,0.28888,0.31748,0.34486
453.8694,0.26927,0.27199,0.28887,0.31747,0.34485
454.6994,0.26927,0.27199,0.28887,0.31747,0.34485
455.5294,0.26927,0.27198,0.28886,0.31746,0.34485
456.3594,0.26927,0.27197,0.28885,0.31745,0.34484
457.1794,0.26927,0.27197,0.28884,0.31744,0.34484
458.0094,0.26927,0.27196,0.28884,0.31744,0.34484
458.8394,0.26927,0.27195,0.28883,0.31743,0.34483
459.6594,0.26927,0.27195,0.28882,0.31743,0.34483
460.4894,0.26927,0.27194,0.28882,0.31742,0.34483
461.3194,0.26927,0.27193,0.28881,0.31742,0.34482
462.1394,0.26927,0.27192,0.2888,0.31741,0.34482
462.9694,0.26927,0.27192,0.2888,0.31741,0.34482
463.7994,0.26927,0.27191,0.28879,0.31741,0.34482
464.6194,0.26927,0.2719,0.28879,0.3174,0.34481
465.4494,0.26927,0.2719,0.28878,0.3174,0.34481
466.2794,0.26927,0.27189,0.28878,0.3174,0.34481
467.0994,0.26927,0.27188,0.28877,0.31739,0.34481
467.9294,0.26927,0.27188,0.28877,0.31739,0.3448
468.7594,0.26927,0.27187,0.28876,0.31739,0.3448
469.5794,0.26927,0.27186,0.28876,0.31739,0.3448
470.4094,0.26926,0.27185,0.28875,0.31739,0.3448
471.2394,0.26926,0.27184,0.28875,0.31739,0.3448
472.0594,0.26926,0.27184,0.28874,0.31738,0.3448
472.8894,0.26926,0.27183,0.28874,0.31738,0.3448
473.7194,0.26926,0.27182,0.28874,0.31739,0.3448
474.5394,0.26926,0.27182,0.28874,0.31739,0.3448
475.3694,0.26926,0.27181,0.28873,0.31739,0.3448
476.1994,0.26926,0.27181,0.28873,0.31739,0.3448
477.0194,0.26926,0.2718,0.28873,0.3174,0.3448
477.8494,0.26925,0.27179,0.28873,0.3174,0.3448
478.6794,0.26925,0.27179,0.28873,0.3174,0.3448
479.4994,0.26925,0.27178,0.28873,0.3174,0.3448
480.3294,0.26925,0.27178,0.28873,0.3174,0.3448
481.1594,0.26925,0.27177,0.28873,0.31741,0.3448
481.9794,0.26925,0.27176,0.28873,0.31741,0.3448
482.8094,0.26925,0.27176,0.28873,0.31742,0.3448
483.6394,0.26925,0.27175,0.28873,0.31742,0.3448
484.4594,0.26924,0.27174,0.28873,0.31742,0.3448
485.2894,0.26924,0.27173,0.28873,0.31743,0.3448
486.1194,0.26924,0.27173,0.28873,0.31743,0.3448
486.9394,0.26924,0.27172,0.28873,0.31744,0.3448
487.7694,0.26924,0.27171,0.28873,0.31744,0.3448
488.5994,0.26924,0.27171,0.28873,0.31744,0.3448
489.4194,0.26924,0.2717,0.28873,0.31745,0.3448
490.2494,0.26924,0.27169,0.28872,0.31745,0.3448
491.0794,0.26923,0.27169,0.28873,0.31746,0.3448
491.8994,0.26923,0.27168,0.28873,0.31747,0.3448
492.7294,0.26923,0.27167,0.28873,0.31748,0.34481
493.5594,0.26923,0.27167,0.28874,0.31749,0.34481
494.3794,0.26923,0.27166,0.28874,0.31749,0.34481
495.2094,0.26923,0.27166,0.28874,0.3175,0.34481
496.0394,0.26923,0.27165,0.28875,0.31751,0.34481
496.8594,0.26923,0.27164,0.28875,0.31752,0.34482
497.6894,0.26923,0.27164,0.28875,0.31753,0.34482
498.5194,0.26923,0.27163,0.28876,0.31754,0.34482
499.3394,0.26923,0.27162,0.28876,0.31755,0.34482
500.1694,0.26922,0.27162,0.28877,0.31756,0.34483
500.9994,0.26922,0.27161,0.28877,0.31757,0.34483
501.8294,0.26922,0.2716,0.28877,0.31758,0.34483
502.6494,0.26922,0.2716,0.28878,0.31759,0.34483
503.4794,0.26922,0.27159,0.28879,0.3176,0.34484
504.3094,0.26922,0.27159,0.28879,0.31762,0.34484
505.1294,0.26922,0.27158,0.2888,0.31763,0.34484
505.9594,0.26922,0.27157,0.28881,0.31764,0.34485
506.7894,0.26922,0.27157,0.28881,0.31765,0.34485
507.6094,0.26922,0.27156,0.28882,0.31767,0.34485
508.4394,0.26922,0.27156,0.28883,0.31768,0.34486
509.2694,0.26922,0.27155,0.28884,0.31769,0.34486
510.0894,0.26921,0.27155,0.28884,0.3177,0.34486
510.9194,0.26921,0.27154,0.28885,0.31772,0.34487
511.7494,0.26921,0.27154,0.28887,0.31774,0.34487
512.5694,0.26921,0.27153,0.28888,0.31776,0.34488
513.3994,0.26921,0.27153,0.28889,0.31777,0.34488
514.2294,0.26921,0.27152,0.2889,0.31779,0.34489
515.0494,0.26921,0.27152,0.28891,0.31781,0.34489
515.8794,0.26921,0.27151,0.28892,0.31783,0.3449
516.7094,0.26921,0.27151,0.28894,0.31784,0.3449
517.5294,0.26921,0.27151,0.28895,0.31786,0.34491
518.3594,0.26921,0.2715,0.28896,0.31788,0.34491
519.1894,0.2692,0.2715,0.28897,0.3179,0.34492
520.0094,0.2692,0.27149,0.28899,0.31791,0.34492
520.8394,0.2692,0.27149,0.289,0.31793,0.34493
521.6694,0.2692,0.27149,0.28902,0.31795,0.34493
522.4894,0.2692,0.27149,0.28903,0.31797,0.34494
523.3194,0.2692,0.27148,0.28905,0.31799,0.34495
524.1494,0.2692,0.27148,0.28906,0.31801,0.34495
524.9694,0.2692,0.27148,0.28907,0.31803,0.34496
525.7994,0.2692,0.27147,0.28909,0.31805,0.34496
526.6294,0.2692,0.27147,0.28911,0.31808,0.34497
527.4494,0.2692,0.27146,0.28913,0.3181,0.34498
528.2794,0.2692,0.27146,0.28914,0.31812,0.34498
529.1094,0.2692,0.27146,0.28916,0.31815,0.34499
529.9294,0.2692,0.27145,0.28918,0.31817,0.345
530.7594,0.2692,0.27145,0.2892,0.31819,0.345
531.5894,0.26919,0.27144,0.28922,0.31822,0.34501
532.4094,0.26919,0.27144,0.28923,0.31824,0.34502
533.2394,0.26919,0.27144,0.28925,0.31826,0.34502
534.0694,0.26919,0.27143,0.28927,0.31829,0.34503
534.8894,0.26919,0.27143,0.28929,0.31831,0.34504
535.7194,0.26919,0.27142,0.28931,0.31833,0.34505
536.5494,0.26919,0.27142,0.28932,0.31836,0.34505
537.3694,0.26919,0.27142,0.28934,0.31838,0.34506
538.1994,0.26919,0.27141,0.28936,0.3184,0.34507
539.0294,0.26919,0.27141,0.28938,0.31843,0.34507
539.8494,0.26919,0.27141,0.28941,0.31846,0.34508
540.6794,0.26919,0.27141,0.28944,0.31849,0.34509
541.5094,0.26919,0.27141,0.28947,0.31853,0.3451
542.3294,0.2692,0.27142,0.2895,0.31856,0.34511
543.1594,0.2692,0.27142,0.28952,0.31859,0.34512
543.9894,0.2692,0.27142,0.28955,0.31862,0.34513
544.8194,0.2692,0.27142,0.28958,0.31865,0.34514
545.6394,0.2692,0.27142,0.28961,0.31868,0.34515
546.4694,0.2692,0.27142,0.28964,0.31872,0.34516
547.2994,0.2692,0.27142,0.28967,0.31875,0.34517
548.1194,0.2692,0.27142,0.2897,0.31878,0.34518
548.9494,0.26921,0.27142,0.28973,0.31881,0.34519
549.7794,0.26921,0.27142,0.28976,0.31885,0.3452
550.5994,0.26921,0.27142,0.28979,0.31888,0.34521
551.4294,0.26921,0.27142,0.28982,0.31891,0.34522
552.2594,0.26921,0.27142,0.28985,0.31894,0.34523
553.0794,0.26921,0.27142,0.28988,0.31898,0.34524
553.9094,0.26922,0.27142,0.28991,0.31901,0.34525
554.7394,0.26922,0.27142,0.28994,0.31904,0.34526
555.5594,0.26922,0.27142,0.28997,0.31907,0.34527
556.3894,0.26922,0.27142,0.29,0.31911,0.34528
557.2194,0.26923,0.27142,0.29003,0.31914,0.34529
558.0394,0.26923,0.27142,0.29006,0.31917,0.3453
558.8694,0.26923,0.27142,0.29009,0.3192,0.34531
559.6994,0.26923,0.27142,0.29012,0.31924,0.34532
560.5194,0.26923,0.27143,0.29016,0.31928,0.34533
561.3494,0.26924,0.27143,0.29019,0.31931,0.34534
562.1794,0.26924,0.27144,0.29024,0.31935,0.34535
562.9994,0.26924,0.27144,0.29028,0.3194,0.34536
563.8294,0.26925,0.27145,0.29032,0.31944,0.34538
564.6594,0.26925,0.27146,0.29036,0.31948,0.34539
565.4794,0.26926,0.27146,0.29041,0.31952,0.3454
566.3094,0.26926,0.27147,0.29045,0.31956,0.34541
567.1394,0.26927,0.27147,0.29049,0.3196,0.34543
567.9594,0.26928,0.27148,0.29054,0.31965,0.34544
568.7894,0.26929,0.27149,0.29058,0.31969,0.34545
569.6194,0.26929,0.27149,0.29062,0.31973,0.34546
570.4394,0.2693,0.2715,0.29067,0.31977,0.34548
571.2694,0.26931,0.2715,0.29071,0.31981,0.34549
572.0994,0.26932,0.27151,0.29075,0.31985,0.3455
572.9194,0.26933,0.27152,0.29079,0.3199,0.34551
573.7494,0.26934,0.27152,0.29084,0.31994,0.34553
574.5794,0.26936,0.27153,0.29089,0.31999,0.34554
575.3994,0.26937,0.27154,0.29094,0.32003,0.34556
576.2294,0.26938,0.27155,0.29099,0.32007,0.34557
577.0594,0.26939,0.27156,0.29103,0.32012,0.34558
577.8794,0.2694,0.27157,0.29108,0.32016,0.3456
578.7094,0.26941,0.27157,0.29113,0.32021,0.34561
579.5394,0.26942,0.27159,0.29118,0.32026,0.34562
580.3594,0.26943,0.2716,0.29124,0.32031,0.34564
581.1894,0.26944,0.27161,0.29129,0.32035,0.34565
582.0194,0.26945,0.27162,0.29135,0.3204,0.34567
582.8394,0.26946,0.27164,0.2914,0.32045,0.34568
583.6694,0.26948,0.27165,0.29146,0.3205,0.3457
584.4994,0.26949,0.27167,0.29152,0.32055,0.34571
585.3194,0.26951,0.27168,0.29158,0.3206,0.34573
586.1494,0.26952,0.2717,0.29164,0.32066,0.34574
586.9794,0.26954,0.27172,0.29171,0.32071,0.34576
587.7994,0.26956,0.27173,0.29177,0.32076,0.34577
588.6294,0.26958,0.27175,0.29183,0.32082,0.34579
589.4594,0.2696,0.27177,0.29189,0.32087,0.34581
590.2894,0.26961,0.27179,0.29196,0.32092,0.34582
591.1094,0.26963,0.2718,0.29202,0.32098,0.34584
591.9394,0.26966,0.27182,0.29208,0.32103,0.34585
592.7694,0.26968,0.27184,0.29214,0.32108,0.34587
593.5894,0.2697,0.27185,0.29221,0.32113,0.34588
594.4194,0.26972,0.27187,0.29227,0.32119,0.3459
595.2494,0.26974,0.27189,0.29233,0.32124,0.34592
596.0694,0.26976,0.27191,0.29239,0.32129,0.34593
596.8994,0.26979,0.27192,0.29246,0.32135,0.34595
597.7294,0.26982,0.27194,0.29252,0.3214,0.34596
598.5494,0.26985,0.27196,0.29258,0.32145,0.34598
599.3794,0.26989,0.27198,0.29265,0.32151,0.34599
600.2094,0.26993,0.272,0.29272,0.32156,0.34601
601.0294,0.26996,0.27203,0.2928,0.32162,0.34603
601.8594,0.27,0.27205,0.29287,0.32169,0.34605
602.6894,0.27003,0.27208,0.29295,0.32175,0.34607
603.5094,0.27006,0.27211,0.29303,0.32181,0.34608
604.3394,0.2701,0.27214,0.29311,0.32187,0.3461
605.1694,0.27013,0.27216,0.29319,0.32193,0.34612
605.9894,0.27017,0.27219,0.29326,0.32199,0.34614
606.8194,0.27021,0.27222,0.29334,0.32206,0.34616
607.6494,0.27026,0.27225,0.29342,0.32212,0.34617
608.4694,0.2703,0.27227,0.2935,0.32218,0.34619
609.2994,0.27034,0.2723,0.29358,0.32224,0.34621
610.1294,0.27039,0.27233,0.29366,0.3223,0.34623
610.9494,0.27043,0.27236,0.29374,0.32237,0.34625
611.7794,0.27048,0.2724,0.29382,0.32243,0.34627
612.6094,0.27052,0.27243,0.29391,0.3225,0.34629
613.4294,0.27057,0.27246,0.29399,0.32256,0.3463
614.2594,0.27061,0.2725,0.29408,0.32263,0.34632
615.0894,0.27066,0.27253,0.29416,0.32269,0.34634
615.9094,0.27071,0.27258,0.29426,0.32276,0.34636
616.7394,0.27076,0.27262,0.29435,0.32283,0.34638
617.5694,0.27082,0.27266,0.29444,0.3229,0.3464
618.3894,0.27088,0.2727,0.29454,0.32297,0.34642
619.2194,0.27095,0.27274,0.29463,0.32303,0.34644
620.0494,0.27102,0.27278,0.29473,0.3231,0.34646
620.8694,0.2711,0.27283,0.29482,0.32317,0.34648
621.6994,0.27117,0.27287,0.29491,0.32324,0.3465
622.5294,0.27125,0.27291,0.29501,0.32331,0.34652
623.3494,0.27132,0.27295,0.2951,0.32338,0.34654
624.1794,0.27139,0.273,0.2952,0.32345,0.34656
625.0094,0.27147,0.27304,0.2953,0.32352,0.34658
625.8294,0.27154,0.27309,0.29539,0.32359,0.3466
626.6594,0.27162,0.27313,0.29549,0.32366,0.34662
627.4894,0.27169,0.27318,0.29559,0.32373,0.34665
628.3094,0.27177,0.27322,0.29569,0.3238,0.34667
629.1394,0.27184,0.27327,0.29578,0.32388,0.34669
629.9694,0.27192,0.27333,0.29589,0.32395,0.34671
630.7894,0.27199,0.27339,0.296,0.32403,0.34673
631.6194,0.27206,0.27345,0.29611,0.3241,0.34675
632.4494,0.27215,0.27351,0.29622,0.32418,0.34678
633.2794,0.27227,0.27357,0.29634,0.32426,0.3468
634.0994,0.27238,0.27364,0.29645,0.32434,0.34682
634.9294,0.27249,0.2737,0.29656,0.32441,0.34684
635.7594,0.2726,0.27376,0.29667,0.32449,0.34687
636.5794,0.27271,0.27383,0.29679,0.32457,0.34689
637.4094,0.27283,0.27389,0.2969,0.32465,0.34691
638.2394,0.27294,0.27395,0.29702,0.32473,0.34693
639.0594,0.27305,0.27402,0.29713,0.32481,0.34696
639.8894,0.27316,0.27408,0.29724,0.32488,0.34698
640.7194,0.27328,0.27414,0.29736,0.32496,0.347
641.5394,0.2734,0.27421,0.29747,0.32504,0.34702
642.3694,0.27351,0.27427,0.29759,0.32512,0.34705
643.1994,0.27363,0.27435,0.29771,0.3252,0.34707
644.0194,0.27374,0.27443,0.29784,0.32529,0.34709
644.8494,0.27386,0.27451,0.29796,0.32537,0.34712
645.6794,0.27401,0.27459,0.29809,0.32545,0.34714
646.4994,0.27416,0.27467,0.29822,0.32554,0.34717
647.3294,0.27432,0.27475,0.29835,0.32562,0.34719
648.1594,0.27447,0.27483,0.29847,0.32571,0.34721
648.9794,0.27463,0.27491,0.2986,0.32579,0.34724
649.8094,0.27478,0.27499,0.29873,0.32588,0.34726
650.6394,0.27494,0.27509,0.29887,0.32597,0.34729
651.4594,0.27509,0.27519,0.29901,0.32605,0.34731
652.2894,0.27525,0.27529,0.29915,0.32614,0.34734
653.1194,0.2754,0.27539,0.29928,0.32623,0.34736
653.9394,0.27556,0.27548,0.29942,0.32632,0.34739
654.7694,0.27571,0.27558,0.29956,0.32641,0.34741
655.5994,0.27587,0.27568,0.2997,0.3265,0.34744
656.4194,0.27602,0.27578,0.29984,0.32659,0.34746
657.2494,0.27617,0.27588,0.29998,0.32668,0.34749
658.0794,0.27633,0.27597,0.30012,0.32676,0.34751
658.8994,0.27653,0.27607,0.30026,0.32685,0.34754
659.7294,0.27673,0.27617,0.3004,0.32694,0.34756
660.5594,0.27693,0.27627,0.30053,0.32703,0.34759
661.3794,0.27714,0.27637,0.30067,0.32712,0.34761
662.2094,0.27734,0.27646,0.30081,0.32721,0.34764
663.0394,0.27754,0.27656,0.30095,0.3273,0.34766
663.8594,0.27774,0.27666,0.30109,0.32738,0.34769
664.6894,0.27795,0.27677,0.30124,0.32748,0.34772
665.5194,0.27817,0.27689,0.30139,0.32757,0.34774
666.3394,0.27839,0.27702,0.30155,0.32767,0.34777
667.1694,0.27861,0.27715,0.30172,0.32777,0.3478
667.9994,0.27883,0.27729,0.30188,0.32787,0.34783
668.8194,0.27905,0.27742,0.30204,0.32797,0.34785
669.6494,0.27927,0.27755,0.3022,0.32806,0.34788
670.4794,0.27949,0.27769,0.30236,0.32816,0.34791
671.2994,0.27971,0.27782,0.30252,0.32826,0.34794
672.1294,0.27993,0.27795,0.30268,0.32836,0.34796
672.9594,0.28015,0.27808,0.30284,0.32846,0.34799
673.7794,0.28043,0.27822,0.303,0.32855,0.34802
674.6094,0.28074,0.27835,0.30317,0.32865,0.34805
675.4394,0.28104,0.27851,0.30334,0.32876,0.34807
676.2694,0.28135,0.27866,0.30351,0.32886,0.3481
677.0894,0.28166,0.27882,0.30369,0.32896,0.34813
677.9194,0.28197,0.27898,0.30386,0.32907,0.34816
678.7494,0.28227,0.27914,0.30404,0.32917,0.34819
679.5694,0.28258,0.27929,0.30422,0.32928,0.34822
680.3994,0.28289,0.27945,0.30439,0.32938,0.34825
681.2294,0.2832,0.27962,0.30457,0.32948,0.34828
682.0494,0.2835,0.27979,0.30475,0.32959,0.34831
682.8794,0.28381,0.27996,0.30493,0.32969,0.34834
683.7094,0.28409,0.28013,0.30511,0.3298,0.34837
684.5294,0.28437,0.2803,0.30529,0.3299,0.34839
685.3594,0.28465,0.28047,0.30546,0.33001,0.34842
686.1894,0.28493,0.28063,0.30564,0.33011,0.34845
687.0094,0.28521,0.2808,0.30582,0.33021,0.34848
687.8394,0.28548,0.28097,0.306,0.33032,0.34851
688.6694,0.28576,0.28114,0.30618,0.33042,0.34854
689.4894,0.28605,0.28132,0.30637,0.33053,0.34857
690.3194,0.2864,0.28149,0.30655,0.33064,0.3486
691.1494,0.28676,0.28169,0.30674,0.33075,0.34863
691.9694,0.28711,0.2819,0.30694,0.33086,0.34866
692.7994,0.28746,0.28211,0.30714,0.33097,0.34869
693.6294,0.28782,0.28231,0.30734,0.33109,0.34872
694.4494,0.28817,0.28252,0.30754,0.3312,0.34875
695.2794,0.28853,0.28273,0.30774,0.33131,0.34878
696.1094,0.28888,0.28294,0.30794,0.33142,0.34881
696.9294,0.28923,0.28314,0.30814,0.33153,0.34884
697.7594,0.28959,0.28335,0.30833,0.33165,0.34888
698.5894,0.28995,0.28356,0.30853,0.33176,0.34891
699.4094,0.29033,0.28376,0.30873,0.33187,0.34894
700.2394,0.29071,0.28398,0.30893,0.33198,0.34897
701.0694,0.29109,0.2842,0.30914,0.3321,0.349
701.8894,0.29147,0.28443,0.30934,0.33221,0.34903
702.7194,0.29184,0.28465,0.30955,0.33233,0.34906
703.5494,0.29224,0.28489,0.30976,0.33245,0.34909
704.3694,0.29269,0.28515,0.30999,0.33257,0.34913
705.1994,0.29314,0.28541,0.31021,0.33269,0.34916
706.0294,0.29358,0.28567,0.31043,0.33281,0.34919
706.8494,0.29403,0.28593,0.31066,0.33294,0.34923
707.6794,0.29447,0.28619,0.31088,0.33306,0.34926
708.5094,0.29491,0.28645,0.3111,0.33318,0.34929
709.3294,0.29535,0.28671,0.31133,0.3333,0.34933
710.1594,0.29579,0.28697,0.31155,0.33342,0.34936
710.9894,0.29623,0.28723,0.31177,0.33355,0.34939
711.8094,0.29667,0.28749,0.312,0.33367,0.34943
712.6394,0.29711,0.28775,0.31222,0.33379,0.34946
713.4694,0.29755,0.28801,0.31244,0.33391,0.34949
714.2894,0.29799,0.28827,0.31267,0.33403,0.34953
715.1194,0.29843,0.28853,0.31289,0.33416,0.34956
715.9494,0.29887,0.2888,0.31312,0.33428,0.34959
716.7694,0.29931,0.28908,0.31335,0.3344,0.34963
717.5994,0.29975,0.28936,0.31357,0.33453,0.34966
718.4294,0.30019,0.28964,0.3138,0.33465,0.34969
719.2494,0.30063,0.28992,0.31403,0.33477,0.34973
720.0794,0.30107,0.29023,0.31427,0.3349,0.34976
720.9094,0.3015,0.29054,0.31452,0.33503,0.3498
721.7394,0.30194,0.29086,0.31476,0.33516,0.34983
722.5594,0.30238,0.29118,0.31501,0.33529,0.34987
723.3894,0.30282,0.2915,0.31526,0.33542,0.3499
724.2194,0.30327,0.29182,0.3155,0.33555,0.34994
725.0394,0.30371,0.29214,0.31575,0.33568,0.34997
725.8694,0.30415,0.29246,0.316,0.33581,0.35001
726.6994,0.30456,0.29277,0.31624,0.33594,0.35004
727.5194,0.30502,0.29309,0.31649,0.33607,0.35008
728.3494,0.30551,0.29341,0.31673,0.3362,0.35011
729.1794,0.30601,0.29374,0.31699,0.33633,0.35015
729.9994,0.30651,0.29408,0.31724,0.33646,0.35018
730.8294,0.30701,0.29443,0.3175,0.3366,0.35022
731.6594,0.30751,0.29479,0.31777,0.33674,0.35026
732.4794,0.30803,0.29516,0.31803,0.33688,0.35029
733.3094,0.30854,0.29553,0.3183,0.33701,0.35033
734.1394,0.30905,0.29589,0.31856,0.33715,0.35037
734.9594,0.30956,0.29626,0.31883,0.33729,0.3504
735.7894,0.31008,0.29663,0.3191,0.33743,0.35044
736.6194,0.31059,0.29699,0.31936,0.33756,0.35048
737.4394,0.3111,0.29736,0.31963,0.3377,0.35051
738.2694,0.31162,0.29773,0.31989,0.33784,0.35055
739.0994,0.31213,0.2981,0.32016,0.33798,0.35059
739.9194,0.31264,0.29846,0.32042,0.33811,0.35062
740.7494,0.31306,0.29883,0.32069,0.33825,0.35066
741.5794,0.31345,0.2992,0.32096,0.33839,0.3507
742.3994,0.31385,0.29957,0.32122,0.33853,0.35073
743.2294,0.31431,0.29996,0.3215,0.33867,0.35077
744.0594,0.31479,0.30037,0.32178,0.33881,0.35081
744.8794,0.31527,0.30083,0.32208,0.33896,0.35085
745.7094,0.31575,0.30129,0.32238,0.33911,0.35089
746.5394,0.31623,0.30175,0.32268,0.33926,0.35093
747.3594,0.31671,0.3022,0.32298,0.33941,0.35097
748.1894,0.31719,0.30264,0.32328,0.33956,0.35101
749.0194,0.31767,0.30309,0.32357,0.33971,0.35105
749.8394,0.31815,0.30353,0.32387,0.33986,0.35109
750.6694,0.31863,0.30397,0.32416,0.34001,0.35112
751.4994,0.31911,0.30441,0.32446,0.34015,0.35116
752.3194,0.31958,0.30485,0.32475,0.3403,0.3512
753.1494,0.32006,0.30529,0.32505,0.34045,0.35124
753.9794,0.32054,0.30573,0.32534,0.3406,0.35128
754.7994,0.32102,0.30617,0.32564,0.34075,0.35132
755.6294,0.3215,0.30661,0.32593,0.3409,0.35136
756.4594,0.32199,0.30705,0.32623,0.34105,0.3514
757.2794,0.32248,0.3075,0.32652,0.3412,0.35144
758.1094,0.32295,0.30794,0.32682,0.34135,0.35148
758.9394,0.32341,0.30842,0.32712,0.3415,0.35152
759.7594,0.32387,0.30891,0.32744,0.34165,0.35156
760.5894,0.32434,0.30942,0.32776,0.34181,0.3516
761.4194,0.3248,0.30993,0.32809,0.34197,0.35164
762.2394,0.32527,0.31044,0.32841,0.34213,0.35168
763.0694,0.32574,0.31095,0.32873,0.34229,0.35173
763.8994,0.3262,0.31146,0.32906,0.34245,0.35177
764.7294,0.32667,0.31198,0.32938,0.34262,0.35181
765.5494,0.32713,0.31249,0.32971,0.34278,0.35185
766.3794,0.32759,0.313,0.33003,0.34294,0.35189
767.2094,0.32806,0.31351,0.33036,0.3431,0.35194
768.0294,0.32852,0.31402,0.33068,0.34326,0.35198
768.8594,0.32899,0.31452,0.331,0.34342,0.35202
769.6894,0.32948,0.31503,0.33132,0.34358,0.35206
770.5094,0.32996,0.31554,0.33165,0.34374,0.3521
771.3394,0.33043,0.31608,0.33198,0.3439,0.35215
772.1694,0.33088,0.31661,0.33231,0.34406,0.35219
772.9894,0.33133,0.31714,0.33264,0.34422,0.35223
773.8194,0.33178,0.31767,0.33296,0.34438,0.35227
774.6494,0.33223,0.31821,0.33329,0.34455,0.35232
775.4694,0.33267,0.31874,0.33362,0.34471,0.35236
776.2994,0.33312,0.31928,0.33396,0.34487,0.3524
777.1294,0.33356,0.31984,0.3343,0.34504,0.35244
777.9494,0.33401,0.32041,0.33465,0.34521,0.35249
778.7794,0.33445,0.32099,0.335,0.34538,0.35253
779.6094,0.3349,0.3216,0.33537,0.34556,0.35258
780.4294,0.33534,0.32222,0.33574,0.34574,0.35263
781.2594,0.33579,0.32284,0.33611,0.34592,0.35267
782.0894,0.33623,0.32345,0.33647,0.34609,0.35272
782.9094,0.33667,0.32407,0.33684,0.34627,0.35276
783.7394,0.33712,0.32469,0.33721,0.34645,0.35281
784.5694,0.33756,0.3253,0.33757,0.34663,0.35285
785.3894,0.33801,0.32592,0.33794,0.3468,0.3529
786.2194,0.33845,0.32654,0.33831,0.34698,0.35295
787.0494,0.3389,0.32715,0.33868,0.34716,0.35299
787.8694,0.33934,0.32777,0.33904,0.34734,0.35304
788.6994,0.33979,0.32839,0.33941,0.34751,0.35308
789.5294,0.34023,0.329,0.33978,0.34769,0.35313
790.3494,0.34068,0.32962,0.34014,0.34787,0.35318
791.1794,0.34112,0.33024,0.34051,0.34805,0.35322
792.0094,0.34157,0.33085,0.34088,0.34823,0.35327
792.8294,0.342,0.33147,0.34125,0.3484,0.35331
793.6594,0.34241,0.3321,0.34162,0.34858,0.35336
794.4894,0.34282,0.33276,0.34201,0.34877,0.35341
795.3094,0.34323,0.33341,0.34239,0.34896,0.35346
796.1394,0.34364,0.33406,0.34278,0.34915,0.3535
796.9694,0.34405,0.33472,0.34317,0.34933,0.35355
797.7894,0.34446,0.33538,0.34356,0.34952,0.3536
798.6194,0.34486,0.33609,0.34397,0.34972,0.35365
799.4494,0.34526,0.33679,0.34438,0.34991,0.3537
800.2694,0.34566,0.33749,0.34479,0.35011,0.35375
801.0994,0.34606,0.33819,0.3452,0.35031,0.3538
801.9294,0.34646,0.33889,0.34561,0.3505,0.35385
802.7494,0.34686,0.33959,0.34602,0.3507,0.3539
803.5794,0.34726,0.34029,0.34642,0.35089,0.35395
804.4094,0.34766,0.34099,0.34683,0.35109,0.354
805.2294,0.34806,0.34169,0.34724,0.35128,0.35405
806.0594,0.34846,0.34239,0.34765,0.35148,0.3541
806.8894,0.34886,0.34309,0.34806,0.35168,0.35415
807.7094,0.34926,0.34379,0.34846,0.35187,0.3542
808.5394,0.34967,0.34449,0.34887,0.35207,0.35425
809.3694,0.35008,0.34518,0.34927,0.35226,0.3543
810.1994,0.3505,0.34587,0.34968,0.35245,0.35435
811.0194,0.35091,0.34656,0.35008,0.35265,0.3544
811.8494,0.35132,0.34725,0.35048,0.35284,0.35445
812.6794,0.35173,0.34794,0.35089,0.35303,0.3545
813.4994,0.35214,0.34864,0.35129,0.35322,0.35455
814.3294,0.35255,0.34933,0.35169,0.35342,0.3546
815.1594,0.35294,0.35002,0.3521,0.35361,0.35465
815.9794,0.35333,0.35071,0.3525,0.3538,0.3547
816.8094,0.35372,0.35139,0.35289,0.35399,0.35474
817.6394,0.3541,0.35207,0.35329,0.35418,0.35479
818.4594,0.35449,0.35276,0.35369,0.35437,0.35484
819.2894,0.35487,0.35345,0.3541,0.35457,0.35489
